#pragma once
#include <Arduino.h>

// 128x128 RGB565 bitmap.
// Cropped to the actual artwork from the uploaded image,
// preserving its aspect ratio and centered on a white background.
const uint16_t image[] PROGMEM = {
    0xFFFF, 0xFFFF, 0xFFFF, 0xFFFF, 0xFFFF, 0xFFFF, 0xFFFF, 0xFFFF, 0xFFFF, 0xFFFF, 0xFFFF, 0xFFFF,
    0xFFFF, 0xFFFF, 0xFFFF, 0xFFFF, 0xFFFF, 0xFFFF, 0xFFFF, 0xFFFF, 0xFFFF, 0xFFFF, 0xFFFF, 0xFFFF,
    0xFFFF, 0xFFFF, 0xFFFF, 0xFFFF, 0xFFFF, 0xFFFF, 0xFFFF, 0xFFFF, 0xFFFF, 0xFFFF, 0xFFFF, 0xFFFF,
    0xFFFF, 0xFFFF, 0xFFFF, 0xFFFF, 0xFFFF, 0xFFFF, 0xFFFF, 0xFFFF, 0xFFFF, 0xFFFF, 0xFFFF, 0xFFFF,
    0xFFFF, 0xFFFF, 0xFFFF, 0xFFFF, 0xFFFF, 0xFFFF, 0xFFFF, 0xFFFF, 0xFFFF, 0xFFFF, 0xFFFF, 0xFFFF,
    0xFFFF, 0xFFFF, 0xFFFF, 0xFFFF, 0xFFFF, 0xFFFF, 0xFFFF, 0xFFFF, 0xFFFF, 0xFFFF, 0xFFFF, 0xFFFF,
    0xFFFF, 0xFFFF, 0xFFFF, 0xFFFF, 0xFFFF, 0xFFFF, 0xFFFF, 0xFFFF, 0xFFFF, 0xFFFF, 0xFFFF, 0xFFFF,
    0xFFFF, 0xFFFF, 0xFFFF, 0xFFFF, 0xFFFF, 0xFFFF, 0xFFFF, 0xFFFF, 0xFFFF, 0xFFFF, 0xFFFF, 0xFFFF,
    0xFFFF, 0xFFFF, 0xFFFF, 0xFFFF, 0xFFFF, 0xFFFF, 0xFFFF, 0xFFFF, 0xFFFF, 0xFFFF, 0xFFFF, 0xFFFF,
    0xFFFF, 0xFFFF, 0xFFFF, 0xFFFF, 0xFFFF, 0xFFFF, 0xFFFF, 0xFFFF, 0xFFFF, 0xFFFF, 0xFFFF, 0xFFFF,
    0xFFFF, 0xFFFF, 0xFFFF, 0xFFFF, 0xFFFF, 0xFFFF, 0xFFFF, 0xFFFF, 0xFFFF, 0xFFFF, 0xFFFF, 0xFFFF,
    0xFFFF, 0xFFFF, 0xFFFF, 0xFFFF, 0xFFFF, 0xFFFF, 0xFFFF, 0xFFFF, 0xFFFF, 0xFFFF, 0xFFFF, 0xFFFF,
    0xFFFF, 0xFFFF, 0xFFFF, 0xFFFF, 0xFFFF, 0xFFFF, 0xFFFF, 0xFFFF, 0xFFFF, 0xFFFF, 0xFFFF, 0xFFFF,
    0xFFFF, 0xFFFF, 0xFFFF, 0xFFFF, 0xFFFF, 0xFFFF, 0xFFFF, 0xFFFF, 0xFFFF, 0xFFFF, 0xFFFF, 0xFFFF,
    0xFFFF, 0xFFFF, 0xFFFF, 0xFFFF, 0xFFFF, 0xFFFF, 0xFFFF, 0xFFFF, 0xFFFF, 0xFFFF, 0xFFFF, 0xFFFF,
    0xFFFF, 0xFFFF, 0xFFFF, 0xFFFF, 0xFFFF, 0xFFFF, 0xFFFF, 0xFFFF, 0xFFFF, 0xFFFF, 0xFFFF, 0xFFFF,
    0xFFFF, 0xFFFF, 0xFFFF, 0xFFFF, 0xFFFF, 0xFFFF, 0xFFFF, 0xFFFF, 0xFFFF, 0xFFFF, 0xFFFF, 0xFFFF,
    0xFFFF, 0xFFFF, 0xFFFF, 0xFFFF, 0xFFFF, 0xFFFF, 0xFFFF, 0xFFFF, 0xFFFF, 0xFFFF, 0xFFFF, 0xFFFF,
    0xFFFF, 0xFFFF, 0xFFFF, 0xFFFF, 0xFFFF, 0xFFFF, 0xFFFF, 0xFFFF, 0xFFFF, 0xFFFF, 0xFFFF, 0xFFFF,
    0xFFFF, 0xFFFF, 0xFFFF, 0xFFFF, 0xFFFF, 0xFFFF, 0xFFFF, 0xFFFF, 0xFFFF, 0xFFFF, 0xFFFF, 0xFFFF,
    0xFFFF, 0xFFFF, 0xFFFF, 0xFFFF, 0xFFFF, 0xFFFF, 0xFFFF, 0xFFFF, 0xFFFF, 0xFFFF, 0xFFFF, 0xFFFF,
    0xFFFF, 0xFFFF, 0xFFFF, 0xFFFF, 0xFFFF, 0xFFFF, 0xFFFF, 0xFFFF, 0xFFFF, 0xFFFF, 0xFFFF, 0xFFFF,
    0xFFFF, 0xFFFF, 0xFFFF, 0xFFFF, 0xFFFF, 0xFFFF, 0xFFFF, 0xFFFF, 0xFFFF, 0xFFFF, 0xFFFF, 0xFFFF,
    0xFFFF, 0xFFFF, 0xFFFF, 0xFFFF, 0xFFFF, 0xFFFF, 0xFFFF, 0xFFFF, 0xFFFF, 0xFFFF, 0xFFFF, 0xFFFF,
    0xFFFF, 0xFFFF, 0xFFFF, 0xFFFF, 0xFFFF, 0xFFFF, 0xFFFF, 0xFFFF, 0xFFFF, 0xFFFF, 0xFFFF, 0xFFFF,
    0xFFFF, 0xFFFF, 0xFFFF, 0xFFFF, 0xFFFF, 0xFFFF, 0xFFFF, 0xFFFF, 0xFFFF, 0xFFFF, 0xFFFF, 0xFFFF,
    0xFFFF, 0xFFFF, 0xFFFF, 0xFFFF, 0xFFFF, 0xFFFF, 0xFFFF, 0xFFFF, 0xFFFF, 0xFFFF, 0xFFFF, 0xFFFF,
    0xFFFF, 0xFFFF, 0xFFFF, 0xFFFF, 0xFFFF, 0xFFFF, 0xFFFF, 0xFFFF, 0xFFFF, 0xFFFF, 0xFFFF, 0xFFFF,
    0xFFFF, 0xFFFF, 0xFFFF, 0xFFFF, 0xFFFF, 0xFFFF, 0xFFFF, 0xFFFF, 0xFFFF, 0xFFFF, 0xFFFF, 0xFFFF,
    0xFFFF, 0xFFFF, 0xFFFF, 0xFFFF, 0xFFFF, 0xFFFF, 0xFFFF, 0xFFFF, 0xFFFF, 0xFFFF, 0xFFFF, 0xFFFF,
    0xFFFF, 0xFFFF, 0xFFFF, 0xFFFF, 0xFFFF, 0xFFFF, 0xFFFF, 0xFFFF, 0xFFFF, 0xFFFF, 0xFFFF, 0xFFFF,
    0xFFFF, 0xFFFF, 0xFFFF, 0xFFFF, 0xFFFF, 0xFFFF, 0xFFFF, 0xFFFF, 0xFFFF, 0xFFFF, 0xFFFF, 0xFFFF,
    0xFFFF, 0xFFFF, 0xFFFF, 0xFFFF, 0xFFFF, 0xFFFF, 0xFFFF, 0xFFFF, 0xFFFF, 0xFFFF, 0xFFFF, 0xFFFF,
    0xFFFF, 0xFFFF, 0xFFFF, 0xFFFF, 0xFFFF, 0xFFFF, 0xFFFF, 0xFFFF, 0xFFFF, 0xFFFF, 0xFFFF, 0xFFFF,
    0xFFFF, 0xFFFF, 0xFFFF, 0xFFFF, 0xFFFF, 0xFFFF, 0xFFFF, 0xFFFF, 0xFFFF, 0xFFFF, 0xFFFF, 0xFFFF,
    0xFFFF, 0xFFFF, 0xFFFF, 0xFFFF, 0xFFFF, 0xFFFF, 0xFFFF, 0xFFFF, 0xFFFF, 0xFFFF, 0xFFFF, 0xFFFF,
    0xFFFF, 0xFFFF, 0xFFFF, 0xFFFF, 0xFFFF, 0xFFFF, 0xFFFF, 0xFFFF, 0xFFFF, 0xFFFF, 0xFFFF, 0xFFFF,
    0xFFFF, 0xFFFF, 0xFFFF, 0xFFFF, 0xFFFF, 0xFFFF, 0xFFFF, 0xFFFF, 0xFFFF, 0xFFFF, 0xFFFF, 0xFFFF,
    0xFFFF, 0xFFFF, 0xFFFF, 0xFFFF, 0xFFFF, 0xFFFF, 0xFFFF, 0xFFFF, 0xFFFF, 0xFFFF, 0xFFFF, 0xFFFF,
    0xFFFF, 0xFFFF, 0xFFFF, 0xFFFF, 0xFFFF, 0xFFFF, 0xFFFF, 0xFFFF, 0xFFFF, 0xFFFF, 0xFFFF, 0xFFFF,
    0xFFFF, 0xFFFF, 0xFFFF, 0xFFFF, 0xFFFF, 0xFFFF, 0xFFFF, 0xFFFF, 0xFFFF, 0xFFFF, 0xFFFF, 0xFFFF,
    0xFFFF, 0xFFFF, 0xFFFF, 0xFFFF, 0xFFFF, 0xFFFF, 0xFFFF, 0xFFFF, 0xFFFF, 0xFFFF, 0xFFFF, 0xFFFF,
    0xFFFF, 0xFFFF, 0xFFFF, 0xFFFF, 0xFFFF, 0xFFFF, 0xFFFF, 0xFFFF, 0xFFFF, 0xFFFF, 0xFFFF, 0xFFFF,
    0xFFFF, 0xFFFF, 0xFFFF, 0xFFFF, 0xFFFF, 0xFFFF, 0xFFFF, 0xFFFF, 0xFFFF, 0xFFFF, 0xFFFF, 0xFFFF,
    0xFFFF, 0xFFFF, 0xFFFF, 0xFFFF, 0xFFFF, 0xFFFF, 0xFFFF, 0xFFFF, 0xFFFF, 0xFFFF, 0xFFFF, 0xFFFF,
    0xFFFF, 0xFFFF, 0xFFFF, 0xFFFF, 0xFFFF, 0xFFFF, 0xFFFF, 0xFFFF, 0xFFFF, 0xFFFF, 0xFFFF, 0xFFFF,
    0xFFFF, 0xFFFF, 0xFFFF, 0xFFFF, 0xFFFF, 0xFFFF, 0xFFFF, 0xFFFF, 0xFFFF, 0xFFFF, 0xFFFF, 0xFFFF,
    0xFFFF, 0xFFFF, 0xFFFF, 0xFFFF, 0xFFFF, 0xFFFF, 0xFFFF, 0xFFFF, 0xFFFF, 0xFFFF, 0xFFFF, 0xFFFF,
    0xFFFF, 0xFFFF, 0xFFFF, 0xFFFF, 0xFFFF, 0xFFFF, 0xFFFF, 0xFFFF, 0xFFFF, 0xFFFF, 0xFFFF, 0xFFFF,
    0xFFFF, 0xFFFF, 0xFFFF, 0xFFFF, 0xFFFF, 0xFFFF, 0xFFFF, 0xFFFF, 0xFFFF, 0xFFFF, 0xFFFF, 0xFFFF,
    0xFFFF, 0xFFFF, 0xFFFF, 0xFFFF, 0xFFFF, 0xFFFF, 0xFFFF, 0xFFFF, 0xFFFF, 0xFFFF, 0xFFFF, 0xFFFF,
    0xFFFF, 0xFFFF, 0xFFFF, 0xFFFF, 0xFFFF, 0xFFFF, 0xFFFF, 0xFFFF, 0xFFFF, 0xFFFF, 0xFFFF, 0xFFFF,
    0xFFFF, 0xFFFF, 0xFFFF, 0xFFFF, 0xFFFF, 0xFFFF, 0xFFFF, 0xFFFF, 0xFFFF, 0xFFFF, 0xFFFF, 0xFFFF,
    0xFFFF, 0xFFFF, 0xFFFF, 0xFFFF, 0xFFFF, 0xFFFF, 0xFFFF, 0xFFFF, 0xFFFF, 0xFFFF, 0xFFFF, 0xFFFF,
    0xFFFF, 0xFFFF, 0xFFFF, 0xFFFF, 0xFFFF, 0xFFFF, 0xFFFF, 0xFFFF, 0xFFFF, 0xFFFF, 0xFFFF, 0xFFFF,
    0xFFFF, 0xFFFF, 0xFFFF, 0xFFFF, 0xFFFF, 0xFFFF, 0xFFFF, 0xFFFF, 0xFFFF, 0xFFFF, 0xFFFF, 0xFFFF,
    0xFFFF, 0xFFFF, 0xFFFF, 0xFFFF, 0xFFFF, 0xFFFF, 0xFFFF, 0xFFFF, 0xFFFF, 0xFFFF, 0xFFFF, 0xFFFF,
    0xFFFF, 0xFFFF, 0xFFFF, 0xFFFF, 0xFFFF, 0xFFFF, 0xFFFF, 0xFFFF, 0xFFFF, 0xFFFF, 0xFFFF, 0xFFFF,
    0xFFFF, 0xFFFF, 0xFFFF, 0xFFFF, 0xFFFF, 0xFFFF, 0xFFFF, 0xFFFF, 0xFFFF, 0xFFFF, 0xFFFF, 0xFFFF,
    0xFFFF, 0xFFFF, 0xFFFF, 0xFFFF, 0xFFFF, 0xFFFF, 0xFFFF, 0xFFFF, 0xFFFF, 0xFFFF, 0xFFFF, 0xFFFF,
    0xFFFF, 0xFFFF, 0xFFFF, 0xFFFF, 0xFFFF, 0xFFFF, 0xFFFF, 0xFFFF, 0xFFFF, 0xFFFF, 0xFFFF, 0xFFFF,
    0xFFFF, 0xFFFF, 0xFFFF, 0xFFFF, 0xFFFF, 0xFFFF, 0xFFFF, 0xFFFF, 0xFFFF, 0xFFFF, 0xFFFF, 0xFFFF,
    0xFFFF, 0xFFFF, 0xFFFF, 0xFFFF, 0xFFFF, 0xFFFF, 0xFFFF, 0xFFFF, 0xFFFF, 0xFFFF, 0xFFFF, 0xFFFF,
    0xFFFF, 0xFFFF, 0xFFFF, 0xFFFF, 0xFFFF, 0xFFFF, 0xFFFF, 0xFFFF, 0xFFFF, 0xFFFF, 0xFFFF, 0xFFFF,
    0xFFFF, 0xFFFF, 0xFFFF, 0xFFFF, 0xFFFF, 0xFFFF, 0xFFFF, 0xFFFF, 0xFFFF, 0xFFFF, 0xFFFF, 0xFFFF,
    0xFFFF, 0xFFFF, 0xFFFF, 0xFFFF, 0xFFFF, 0xFFFF, 0xFFFF, 0xFFFF, 0xFFFF, 0xFFFF, 0xFFFF, 0xFFFF,
    0xFFFF, 0xFFFF, 0xFFFF, 0xFFFF, 0xFFFF, 0xFFFF, 0xFFFF, 0xFFFF, 0xFFFF, 0xFFFF, 0xFFFF, 0xFFFF,
    0xFFFF, 0xFFFF, 0xFFFF, 0xFFFF, 0xFFFF, 0xFFFF, 0xFFFF, 0xFFFF, 0xFFFF, 0xFFFF, 0xFFFF, 0xFFFF,
    0xFFFF, 0xFFFF, 0xFFFF, 0xFFFF, 0xFFFF, 0xFFFF, 0xFFFF, 0xFFFF, 0xFFFF, 0xFFFF, 0xFFFF, 0xFFFF,
    0xFFFF, 0xFFFF, 0xFFFF, 0xFFFF, 0xFFFF, 0xFFFF, 0xFFFF, 0xFFFF, 0xFFFF, 0xFFFF, 0xFFFF, 0xFFFF,
    0xFFFF, 0xFFFF, 0xFFFF, 0xFFFF, 0xFFFF, 0xFFFF, 0xFFFF, 0xFFFF, 0xFFFF, 0xFFFF, 0xFFFF, 0xFFFF,
    0xFFFF, 0xFFFF, 0xFFFF, 0xFFFF, 0xFFFF, 0xFFFF, 0xFFFF, 0xFFFF, 0xFFFF, 0xFFFF, 0xFFFF, 0xFFFF,
    0xFFFF, 0xFFFF, 0xFFFF, 0xFFFF, 0xFFFF, 0xFFFF, 0xFFFF, 0xFFFF, 0xFFFF, 0xFFFF, 0xFFFF, 0xFFFF,
    0xFFFF, 0xFFFF, 0xFFFF, 0xFFFF, 0xFFFF, 0xFFFF, 0xFFFF, 0xFFFF, 0xFFFF, 0xFFFF, 0xFFFF, 0xFFFF,
    0xFFFF, 0xFFFF, 0xFFFF, 0xFFFF, 0xFFFF, 0xFFFF, 0xFFFF, 0xFFFF, 0xFFFF, 0xFFFF, 0xFFFF, 0xFFFF,
    0xFFFF, 0xFFFF, 0xFFFF, 0xFFFF, 0xFFFF, 0xFFFF, 0xFFFF, 0xFFFF, 0xFFFF, 0xFFFF, 0xFFFF, 0xFFFF,
    0xFFFF, 0xFFFF, 0xFFFF, 0xFFFF, 0xFFFF, 0xFFFF, 0xFFFF, 0xFFFF, 0xFFFF, 0xFFFF, 0xFFFF, 0xFFFF,
    0xFFFF, 0xFFFF, 0xFFFF, 0xFFFF, 0xFFFF, 0xFFFF, 0xFFFF, 0xFFFF, 0xFFFF, 0xFFFF, 0xFFFF, 0xFFFF,
    0xFFFF, 0xFFFF, 0xFFFF, 0xFFFF, 0xFFFF, 0xFFFF, 0xFFFF, 0xFFFF, 0xFFFF, 0xFFFF, 0xFFFF, 0xFFFF,
    0xFFFF, 0xFFFF, 0xFFFF, 0xFFFF, 0xFFFF, 0xFFFF, 0xFFFF, 0xFFFF, 0xFFFF, 0xFFFF, 0xFFFF, 0xFFFF,
    0xFFFF, 0xFFFF, 0xFFFF, 0xFFFF, 0xFFFF, 0xFFFF, 0xFFFF, 0xFFFF, 0xFFFF, 0xFFFF, 0xFFFF, 0xFFFF,
    0xFFFF, 0xFFFF, 0xFFFF, 0xFFFF, 0xFFFF, 0xFFFF, 0xFFFF, 0xFFFF, 0xFFFF, 0xFFFF, 0xFFFF, 0xFFFF,
    0xFFFF, 0xFFFF, 0xFFFF, 0xFFFF, 0xFFFF, 0xFFFF, 0xFFFF, 0xFFFF, 0xFFFF, 0xFFFF, 0xFFFF, 0xFFFF,
    0xFFFF, 0xFFFF, 0xFFFF, 0xFFFF, 0xFFFF, 0xFFFF, 0xFFFF, 0xFFFF, 0xFFFF, 0xFFFF, 0xFFFF, 0xFFFF,
    0xFFFF, 0xFFFF, 0xFFFF, 0xFFFF, 0xFFFF, 0xFFFF, 0xFFFF, 0xFFFF, 0xFFFF, 0xFFFF, 0xFFFF, 0xFFFF,
    0xFFFF, 0xFFFF, 0xFFFF, 0xFFFF, 0xFFFF, 0xFFFF, 0xFFFF, 0xFFFF, 0xFFFF, 0xFFFF, 0xFFFF, 0xFFFF,
    0xFFFF, 0xFFFF, 0xFFFF, 0xFFFF, 0xFFFF, 0xFFFF, 0xFFFF, 0xFFFF, 0xFFFF, 0xFFFF, 0xFFFF, 0xFFFF,
    0xFFFF, 0xFFFF, 0xFFFF, 0xFFFF, 0xFFFF, 0xFFFF, 0xFFFF, 0xFFFF, 0xFFFF, 0xFFFF, 0xFFFF, 0xFFFF,
    0xFFFF, 0xFFFF, 0xFFFF, 0xFFFF, 0xFFFF, 0xFFFF, 0xFFFF, 0xFFFF, 0xFFFF, 0xFFFF, 0xFFFF, 0xFFFF,
    0xFFFF, 0xFFFF, 0xFFFF, 0xFFFF, 0xFFFF, 0xFFFF, 0xFFFF, 0xFFFF, 0xFFFF, 0xFFFF, 0xFFFF, 0xFFFF,
    0xFFFF, 0xFFFF, 0xFFFF, 0xFFFF, 0xFFFF, 0xFFFF, 0xFFFF, 0xFFFF, 0xFFFF, 0xFFFF, 0xFFFF, 0xFFFF,
    0xFFFF, 0xFFFF, 0xFFFF, 0xFFFF, 0xFFFF, 0xFFFF, 0xFFFF, 0xFFFF, 0xFFFF, 0xFFFF, 0xFFFF, 0xFFFF,
    0xFFFF, 0xFFFF, 0xFFFF, 0xFFFF, 0xFFFF, 0xFFFF, 0xFFFF, 0xFFFF, 0xFFFF, 0xFFFF, 0xFFFF, 0xFFFF,
    0xFFFF, 0xFFFF, 0xFFFF, 0xFFFF, 0xFFFF, 0xFFFF, 0xFFFF, 0xFFFF, 0xFFFF, 0xFFFF, 0xFFFF, 0xFFFF,
    0xFFFF, 0xFFFF, 0xFFFF, 0xFFFF, 0xFFFF, 0xFFFF, 0xFFFF, 0xFFFF, 0xFFFF, 0xFFFF, 0xFFFF, 0xFFFF,
    0xFFFF, 0xFFFF, 0xFFFF, 0xFFFF, 0xFFFF, 0xFFFF, 0xFFFF, 0xFFFF, 0xFFFF, 0xFFFF, 0xFFFF, 0xFFFF,
    0xFFFF, 0xFFFF, 0xFFFF, 0xFFFF, 0xFFFF, 0xFFFF, 0xFFFF, 0xFFFF, 0xFFFF, 0xFFFF, 0xFFFF, 0xFFFF,
    0xFFFF, 0xFFFF, 0xFFFF, 0xFFFF, 0xFFFF, 0xFFFF, 0xFFFF, 0xFFFF, 0xFFFF, 0xFFFF, 0xFFFF, 0xFFFF,
    0xFFFF, 0xFFFF, 0xFFFF, 0xFFFF, 0xFFFF, 0xFFFF, 0xFFFF, 0xFFFF, 0xFFFF, 0xFFFF, 0xFFFF, 0xFFFF,
    0xFFFF, 0xFFFF, 0xFFFF, 0xFFFF, 0xFFFF, 0xFFFF, 0xFFFF, 0xFFFF, 0xFFFF, 0xFFFF, 0xFFFF, 0xFFFF,
    0xFFFF, 0xFFFF, 0xFFFF, 0xFFFF, 0xFFFF, 0xFFFF, 0xFFFF, 0xFFFF, 0xFFFF, 0xFFFF, 0xFFFF, 0xFFFF,
    0xFFFF, 0xFFFF, 0xFFFF, 0xFFFF, 0xFFFF, 0xFFFF, 0xFFFF, 0xFFFF, 0xFFFF, 0xFFFF, 0xFFFF, 0xFFFF,
    0xFFFF, 0xFFFF, 0xFFFF, 0xFFFF, 0xFFFF, 0xFFFF, 0xFFFF, 0xFFFF, 0xFFFF, 0xFFFF, 0xFFFF, 0xFFFF,
    0xFFFF, 0xFFFF, 0xFFFF, 0xFFFF, 0xFFFF, 0xFFFF, 0xFFFF, 0xFFFF, 0xFFFF, 0xFFFF, 0xFFFF, 0xFFFF,
    0xFFFF, 0xFFFF, 0xFFFF, 0xFFFF, 0xFFFF, 0xFFFF, 0xFFFF, 0xFFFF, 0xFFFF, 0xFFFF, 0xFFFF, 0xFFFF,
    0xFFFF, 0xFFFF, 0xFFFF, 0xFFFF, 0xFFFF, 0xFFFF, 0xFFFF, 0xFFFF, 0xFFFF, 0xFFFF, 0xFFFF, 0xFFFF,
    0xFFFF, 0xFFFF, 0xFFFF, 0xFFFF, 0xFFFF, 0xFFFF, 0xFFFF, 0xFFFF, 0xFFFF, 0xFFFF, 0xFFFF, 0xFFFF,
    0xFFFF, 0xFFFF, 0xFFFF, 0xFFFF, 0xFFFF, 0xFFFF, 0xFFFF, 0xFFFF, 0xFFFF, 0xFFFF, 0xFFFF, 0xFFFF,
    0xFFFF, 0xFFFF, 0xFFFF, 0xFFFF, 0xFFFF, 0xFFFF, 0xFFFF, 0xFFFF, 0xFFFF, 0xFFFF, 0xFFFF, 0xFFFF,
    0xFFFF, 0xFFFF, 0xFFFF, 0xFFFF, 0xFFFF, 0xFFFF, 0xFFFF, 0xFFFF, 0xFFFF, 0xFFFF, 0xFFFF, 0xFFFF,
    0xFFFF, 0xFFFF, 0xFFFF, 0xFFFF, 0xFFFF, 0xFFFF, 0xFFFF, 0xFFFF, 0xFFFF, 0xFFFF, 0xFFFF, 0xFFFF,
    0xFFFF, 0xFFFF, 0xFFFF, 0xFFFF, 0xFFFF, 0xFFFF, 0xFFFF, 0xFFFF, 0xFFFF, 0xFFFF, 0xFFFF, 0xFFFF,
    0xFFFF, 0xFFFF, 0xFFFF, 0xFFFF, 0xFFFF, 0xFFFF, 0xFFFF, 0xFFFF, 0xFFFF, 0xFFFF, 0xFFFF, 0xFFFF,
    0xFFFF, 0xFFFF, 0xFFFF, 0xFFFF, 0xFFFF, 0xFFFF, 0xFFFF, 0xFFFF, 0xFFFF, 0xFFFF, 0xFFFF, 0xFFFF,
    0xFFFF, 0xFFFF, 0xFFFF, 0xFFFF, 0xFFFF, 0xFFFF, 0xFFFF, 0xFFFF, 0xFFFF, 0xFFFF, 0xFFFF, 0xFFFF,
    0xFFFF, 0xFFFF, 0xFFFF, 0xFFFF, 0xFFFF, 0xFFFF, 0xFFFF, 0xFFFF, 0xFFFF, 0xFFFF, 0xFFFF, 0xFFFF,
    0xFFFF, 0xFFFF, 0xFFFF, 0xFFFF, 0xFFFF, 0xFFFF, 0xFFFF, 0xFFFF, 0xFFFF, 0xFFFF, 0xFFFF, 0xFFFF,
    0xFFFF, 0xFFFF, 0xFFFF, 0xFFFF, 0xFFFF, 0xFFFF, 0xFFFF, 0xFFFF, 0xFFFF, 0xFFFF, 0xFFFF, 0xFFFF,
    0xFFFF, 0xFFFF, 0xFFFF, 0xFFFF, 0xFFFF, 0xFFFF, 0xFFFF, 0xFFFF, 0xFFFF, 0xFFFF, 0xFFFF, 0xFFFF,
    0xFFFF, 0xFFFF, 0xFFFF, 0xFFFF, 0xFFFF, 0xFFFF, 0xFFFF, 0xFFFF, 0xFFFF, 0xFFFF, 0xFFFF, 0xFFFF,
    0xFFFF, 0xFFFF, 0xFFFF, 0xFFFF, 0xFFFF, 0xFFFF, 0xFFFF, 0xFFFF, 0xFFFF, 0xFFFF, 0xFFFF, 0xFFFF,
    0xFFFF, 0xFFFF, 0xFFFF, 0xFFFF, 0xFFFF, 0xFFFF, 0xFFFF, 0xFFFF, 0xFFFF, 0xFFFF, 0xFFFF, 0xFFFF,
    0xFFFF, 0xFFFF, 0xFFFF, 0xFFFF, 0xFFFF, 0xFFFF, 0xFFFF, 0xFFFF, 0xFFFF, 0xFFFF, 0xFFFF, 0xFFFF,
    0xFFFF, 0xFFFF, 0xFFFF, 0xFFFF, 0xFFFF, 0xFFFF, 0xFFFF, 0xFFFF, 0xFFFF, 0xFFFF, 0xFFFF, 0xFFFF,
    0xFFFF, 0xFFFF, 0xFFFF, 0xFFFF, 0xFFFF, 0xFFFF, 0xFFFF, 0xFFFF, 0xFFFF, 0xFFFF, 0xFFFF, 0xFFFF,
    0xFFFF, 0xFFFF, 0xFFFF, 0xFFFF, 0xFFFF, 0xFFFF, 0xFFFF, 0xFFFF, 0xFFFF, 0xFFFF, 0xFFFF, 0xFFFF,
    0xFFFF, 0xFFFF, 0xFFFF, 0xFFFF, 0xFFFF, 0xFFFF, 0xFFFF, 0xFFFF, 0xFFFF, 0xFFFF, 0xFFFF, 0xFFFF,
    0xFFFF, 0xFFFF, 0xFFFF, 0xFFFF, 0xFFFF, 0xFFFF, 0xFFFF, 0xFFFF, 0xFFFF, 0xFFFF, 0xFFFF, 0xFFFF,
    0xFFFF, 0xFFFF, 0xFFFF, 0xFFFF, 0xFFFF, 0xFFFF, 0xFFFF, 0xFFFF, 0xFFFF, 0xFFFF, 0xFFFF, 0xFFFF,
    0xFFFF, 0xFFFF, 0xFFFF, 0xFFFF, 0xFFFF, 0xFFFF, 0xFFFF, 0xFFFF, 0xFFFF, 0xFFFF, 0xFFFF, 0xFFFF,
    0xFFFF, 0xFFFF, 0xFFFF, 0xFFFF, 0xFFFF, 0xFFFF, 0xFFFF, 0xFFFF, 0xFFFF, 0xFFFF, 0xFFFF, 0xFFFF,
    0xFFFF, 0xFFFF, 0xFFFF, 0xFFFF, 0xFFFF, 0xFFFF, 0xFFFF, 0xFFFF, 0xFFFF, 0xFFFF, 0xFFFF, 0xFFFF,
    0xFFFF, 0xFFFF, 0xFFFF, 0xFFFF, 0xFFFF, 0xFFFF, 0xFFFF, 0xFFFF, 0xFFFF, 0xFFFF, 0xFFFF, 0xFFFF,
    0xFFFF, 0xFFFF, 0xFFFF, 0xFFFF, 0xFFFF, 0xFFFF, 0xFFFF, 0xFFFF, 0xFFFF, 0xFFFF, 0xFFFF, 0xFFFF,
    0xFFFF, 0xFFFF, 0xFFFF, 0xFFFF, 0xFFFF, 0xFFFF, 0xFFFF, 0xFFFF, 0xFFFF, 0xFFFF, 0xFFFF, 0xFFFF,
    0xFFFF, 0xFFFF, 0xFFFF, 0xFFFF, 0xFFFF, 0xFFFF, 0xFFFF, 0xFFFF, 0xFFFF, 0xFFFF, 0xFFFF, 0xFFFF,
    0xFFFF, 0xFFFF, 0xFFFF, 0xFFFF, 0xFFFF, 0xFFFF, 0xFFFF, 0xFFFF, 0xFFFF, 0xFFFF, 0xFFFF, 0xFFFF,
    0xFFFF, 0xFFFF, 0xFFFF, 0xFFFF, 0xFFFF, 0xFFFF, 0xFFFF, 0xFFFF, 0xFFFF, 0xFFFF, 0xFFFF, 0xFFFF,
    0xFFFF, 0xFFFF, 0xFFFF, 0xFFFF, 0xFFFF, 0xFFFF, 0xFFFF, 0xFFFF, 0xFFFF, 0xFFFF, 0xFFFF, 0xFFFF,
    0xFFFF, 0xFFFF, 0xFFFF, 0xFFFF, 0xFFFF, 0xFFFF, 0xFFFF, 0xFFFF, 0xFFFF, 0xFFFF, 0xFFFF, 0xFFFF,
    0xFFFF, 0xFFFF, 0xFFFF, 0xFFFF, 0xFFFF, 0xFFFF, 0xFFFF, 0xFFFF, 0xFFFF, 0xFFFF, 0xFFFF, 0xFFFF,
    0xFFFF, 0xFFFF, 0xFFFF, 0xFFFF, 0xFFFF, 0xFFFF, 0xFFFF, 0xFFFF, 0xFFFF, 0xFFFF, 0xFFFF, 0xFFFF,
    0xFFFF, 0xFFFF, 0xFFFF, 0xFFFF, 0xFFFF, 0xFFFF, 0xFFFF, 0xFFFF, 0xFFFF, 0xFFFF, 0xFFFF, 0xFFFF,
    0xFFFF, 0xFFFF, 0xFFFF, 0xFFFF, 0xFFFF, 0xFFFF, 0xFFFF, 0xFFFF, 0xFFFF, 0xFFFF, 0xFFFF, 0xFFFF,
    0xFFFF, 0xFFFF, 0xFFFF, 0xFFFF, 0xFFFF, 0xFFFF, 0xFFFF, 0xFFFF, 0xFFFF, 0xFFFF, 0xFFFF, 0xFFFF,
    0xFFFF, 0xFFFF, 0xFFFF, 0xFFFF, 0xFFFF, 0xFFFF, 0xFFFF, 0xFFFF, 0xFFFF, 0xFFFF, 0xFFFF, 0xFFFF,
    0xFFFF, 0xFFFF, 0xFFFF, 0xFFFF, 0xFFFF, 0xFFFF, 0xFFFF, 0xFFFF, 0xFFFF, 0xFFFF, 0xFFFF, 0xFFFF,
    0xFFFF, 0xFFFF, 0xFFFF, 0xFFFF, 0xFFFF, 0xFFFF, 0xFFFF, 0xFFFF, 0xFFFF, 0xFFFF, 0xFFFF, 0xFFFF,
    0xFFFF, 0xFFFF, 0xFFFF, 0xFFFF, 0xFFFF, 0xFFFF, 0xFFFF, 0xFFFF, 0xFFFF, 0xFFFF, 0xFFFF, 0xFFFF,
    0xFFFF, 0xFFFF, 0xFFFF, 0xFFFF, 0xFFFF, 0xFFFF, 0xFFFF, 0xFFFF, 0xFFFF, 0xFFFF, 0xFFFF, 0xFFFF,
    0xFFFF, 0xFFFF, 0xFFFF, 0xFFFF, 0xFFFF, 0xFFFF, 0xFFFF, 0xFFFF, 0xFFFF, 0xFFFF, 0xFFFF, 0xFFFF,
    0xFFFF, 0xFFFF, 0xFFFF, 0xFFFF, 0xFFFF, 0xFFFF, 0xFFFF, 0xFFFF, 0xFFFF, 0xFFFF, 0xFFFF, 0xFFFF,
    0xFFFF, 0xFFFF, 0xFFFF, 0xFFFF, 0xFFFF, 0xFFFF, 0xFFFF, 0xFFFF, 0xFFFF, 0xFFFF, 0xFFFF, 0xFFFF,
    0xFFFF, 0xFFFF, 0xFFFF, 0xFFFF, 0xFFFF, 0xFFFF, 0xFFFF, 0xFFFF, 0xFFFF, 0xFFFF, 0xFFFF, 0xFFFF,
    0xFFFF, 0xFFFF, 0xFFFF, 0xFFFF, 0xFFFF, 0xFFFF, 0xFFFF, 0xFFFF, 0xFFFF, 0xFFFF, 0xFFFF, 0xFFFF,
    0xFFFF, 0xFFFF, 0xFFFF, 0xFFFF, 0xFFFF, 0xFFFF, 0xFFFF, 0xFFFF, 0xFFFF, 0xFFFF, 0xFFFF, 0xFFFF,
    0xFFFF, 0xFFFF, 0xFFFF, 0xFFFF, 0xFFFF, 0xFFFF, 0xFFFF, 0xFFFF, 0xFFFF, 0xFFFF, 0xFFFF, 0xFFFF,
    0xFFFF, 0xFFFF, 0xFFFF, 0xFFFF, 0xFFFF, 0xFFFF, 0xFFFF, 0xFFFF, 0xFFFF, 0xFFFF, 0xFFFF, 0xFFFF,
    0xFFFF, 0xFFFF, 0xFFFF, 0xFFFF, 0xFFFF, 0xFFFF, 0xFFFF, 0xFFFF, 0xFFFF, 0xFFFF, 0xFFFF, 0xFFFF,
    0xFFFF, 0xFFFF, 0xFFFF, 0xFFFF, 0xFFFF, 0xFFFF, 0xFFFF, 0xFFFF, 0xFFFF, 0xFFFF, 0xFFFF, 0xFFFF,
    0xFFFF, 0xFFFF, 0xFFFF, 0xFFFF, 0xFFFF, 0xFFFF, 0xFFFF, 0xFFFF, 0xFFFF, 0xFFFF, 0xFFFF, 0xFFFF,
    0xFFFF, 0xFFFF, 0xFFFF, 0xFFFF, 0xFFFF, 0xFFFF, 0xFFFF, 0xFFFF, 0xFFFF, 0xFFFF, 0xFFFF, 0xFFFF,
    0xFFFF, 0xFFFF, 0xFFFF, 0xFFFF, 0xFFFF, 0xFFFF, 0xFFFF, 0xFFFF, 0xFFFF, 0xFFFF, 0xFFFF, 0xFFFF,
    0xFFFF, 0xFFFF, 0xFFFF, 0xFFFF, 0xFFFF, 0xFFFF, 0xFFFF, 0xFFFF, 0xFFFF, 0xFFFF, 0xFFFF, 0xFFFF,
    0xFFFF, 0xFFFF, 0xFFFF, 0xFFFF, 0xFFFF, 0xFFFF, 0xFFFF, 0xFFFF, 0xFFFF, 0xFFFF, 0xFFFF, 0xFFFF,
    0xFFFF, 0xFFFF, 0xFFFF, 0xFFFF, 0xFFFF, 0xFFFF, 0xFFFF, 0xFFFF, 0xFFFF, 0xFFFF, 0xFFFF, 0xFFFF,
    0xFFFF, 0xFFFF, 0xFFFF, 0xFFFF, 0xFFFF, 0xFFFF, 0xFFFF, 0xFFFF, 0xFFFF, 0xFFFF, 0xFFFF, 0xFFFF,
    0xFFFF, 0xFFFF, 0xFFFF, 0xFFFF, 0xFFFF, 0xFFFF, 0xFFFF, 0xFFFF, 0xFFFF, 0xFFFF, 0xFFFF, 0xFFFF,
    0xFFFF, 0xFFFF, 0xFFFF, 0xFFFF, 0xFFFF, 0xFFFF, 0xFFFF, 0xFFFF, 0xFFFF, 0xFFFF, 0xFFFF, 0xFFFF,
    0xFFFF, 0xFFFF, 0xFFFF, 0xFFFF, 0xFFFF, 0xFFFF, 0xFFFF, 0xFFFF, 0xFFFF, 0xFFFF, 0xFFFF, 0xFFFF,
    0xFFFF, 0xFFFF, 0xFFFF, 0xFFFF, 0xFFFF, 0xFFFF, 0xFFFF, 0xFFFF, 0xFFFF, 0xFFFF, 0xFFFF, 0xFFFF,
    0xFFFF, 0xFFFF, 0xFFFF, 0xFFFF, 0xFFFF, 0xFFFF, 0xFFFF, 0xFFFF, 0xFFFF, 0xFFFF, 0xFFFF, 0xFFFF,
    0xFFFF, 0xFFFF, 0xFFFF, 0xFFFF, 0xFFFF, 0xFFFF, 0xFFFF, 0xFFFF, 0xFFFF, 0xFFFF, 0xFFFF, 0xFFFF,
    0xFFFF, 0xFFFF, 0xFFFF, 0xFFFF, 0xFFFF, 0xFFFF, 0xFFFF, 0xFFFF, 0xFFFF, 0xFFFF, 0xFFFF, 0xFFFF,
    0xFFFF, 0xFFFF, 0xFFFF, 0xFFFF, 0xFFFF, 0xFFFF, 0xFFFF, 0xFFFF, 0xFFFF, 0xFFFF, 0xFFFF, 0xFFFF,
    0xFFFF, 0xFFFF, 0xFFFF, 0xFFFF, 0xFFFF, 0xFFFF, 0xFFFF, 0xFFFF, 0xFFFF, 0xFFFF, 0xFFFF, 0xFFFF,
    0xFFFF, 0xFFFF, 0xFFFF, 0xFFFF, 0xFFFF, 0xFFFF, 0xFFFF, 0xFFFF, 0xFFFF, 0xFFFF, 0xFFFF, 0xFFFF,
    0xFFFF, 0xFFFF, 0xFFFF, 0xFFFF, 0xFFFF, 0xFFFF, 0xFFFF, 0xFFFF, 0xFFFF, 0xFFFF, 0xFFFF, 0xFFFF,
    0xFFFF, 0xFFFF, 0xFFFF, 0xFFFF, 0xFFFF, 0xFFFF, 0xFFFF, 0xFFFF, 0xFFFF, 0xFFFF, 0xFFFF, 0xFFFF,
    0xFFFF, 0xFFFF, 0xFFFF, 0xFFFF, 0xFFFF, 0xFFFF, 0xFFFF, 0xFFFF, 0xFFFF, 0xFFFF, 0xFFFF, 0xFFFF,
    0xFFFF, 0xFFFF, 0xFFFF, 0xFFFF, 0xFFFF, 0xFFFF, 0xFFFF, 0xFFFF, 0xFFFF, 0xFFFF, 0xFFFF, 0xFFFF,
    0xFFFF, 0xFFFF, 0xFFFF, 0xFFFF, 0xFFFF, 0xFFFF, 0xFFFF, 0xFFFF, 0xFFFF, 0xFFFF, 0xFFFF, 0xFFFF,
    0xFFFF, 0xFFFF, 0xFFFF, 0xFFFF, 0xFFFF, 0xFFFF, 0xFFFF, 0xFFFF, 0xFFFF, 0xFFFF, 0xFFFF, 0xFFFF,
    0xFFFF, 0xFFFF, 0xFFFF, 0xFFFF, 0xFFFF, 0xFFFF, 0xFFFF, 0xFFFF, 0xFFFF, 0xFFFF, 0xFFFF, 0xFFFF,
    0xFFFF, 0xFFFF, 0xFFFF, 0xFFFF, 0xFFFF, 0xFFFF, 0xFFFF, 0xFFFF, 0xFFFF, 0xFFFF, 0xFFFF, 0xFFFF,
    0xFFFF, 0xFFFF, 0xFFFF, 0xFFFF, 0xFFFF, 0xFFFF, 0xFFFF, 0xFFFF, 0xFFFF, 0xFFFF, 0xFFFF, 0xFFFF,
    0xFFFF, 0xFFFF, 0xFFFF, 0xFFFF, 0xFFFF, 0xFFFF, 0xFFFF, 0xFFFF, 0xFFFF, 0xFFFF, 0xFFFF, 0xFFFF,
    0xFFFF, 0xFFFF, 0xFFFF, 0xFFFF, 0xFFFF, 0xFFFF, 0xFFFF, 0xFFFF, 0xFFFF, 0xFFFF, 0xFFFF, 0xFFFF,
    0xFFFF, 0xFFFF, 0xFFFF, 0xFFFF, 0xFFFF, 0xFFFF, 0xFFFF, 0xFFFF, 0xFFFF, 0xFFFF, 0xFFFF, 0xFFFF,
    0xFFFF, 0xFFFF, 0xFFFF, 0xFFFF, 0xFFFF, 0xFFFF, 0xFFFF, 0xFFFF, 0xFFFF, 0xFFFF, 0xFFFF, 0xFFFF,
    0xFFFF, 0xFFFF, 0xFFFF, 0xFFFF, 0xFFFF, 0xFFFF, 0xFFFF, 0xFFFF, 0xFFFF, 0xFFFF, 0xFFFF, 0xFFFF,
    0xFFFF, 0xFFFF, 0xFFFF, 0xFFFF, 0xFFFF, 0xFFFF, 0xFFFF, 0xFFFF, 0xFFFF, 0xFFFF, 0xFFFF, 0xFFFF,
    0xFFFF, 0xFFFF, 0xFFFF, 0xFFFF, 0xFFFF, 0xFFFF, 0xFFFF, 0xFFFF, 0xFFFF, 0xFFFF, 0xFFFF, 0xFFFF,
    0xFFFF, 0xFFFF, 0xFFFF, 0xFFFF, 0xFFFF, 0xFFFF, 0xFFFF, 0xFFFF, 0xFFFF, 0xFFFF, 0xFFFF, 0xFFFF,
    0xFFFF, 0xFFFF, 0xFFFF, 0xFFFF, 0xFFFF, 0xFFFF, 0xFFFF, 0xFFFF, 0xFFFF, 0xFFFF, 0xFFFF, 0xFFFF,
    0xFFFF, 0xFFFF, 0xFFFF, 0xFFFF, 0xFFFF, 0xFFFF, 0xFFFF, 0xFFFF, 0xFFFF, 0xFFFF, 0xFFFF, 0xFFFF,
    0xFFFF, 0xFFFF, 0xFFFF, 0xFFFF, 0xFFFF, 0xFFFF, 0xFFFF, 0xFFFF, 0xFFFF, 0xFFFF, 0xFFFF, 0xFFFF,
    0xFFFF, 0xFFFF, 0xFFFF, 0xFFFF, 0xFFFF, 0xFFFF, 0xFFFF, 0xFFFF, 0xFFFF, 0xFFFF, 0xFFFF, 0xFFFF,
    0xFFFF, 0xFFFF, 0xFFFF, 0xFFFF, 0xFFFF, 0xFFFF, 0xFFFF, 0xFFFF, 0xFFFF, 0xFFFF, 0xFFFF, 0xFFFF,
    0xFFFF, 0xFFFF, 0xFFFF, 0xFFFF, 0xFFFF, 0xFFFF, 0xFFFF, 0xFFFF, 0xFFFF, 0xFFFF, 0xFFFF, 0xFFFF,
    0xFFFF, 0xFFFF, 0xFFFF, 0xFFFF, 0xFFFF, 0xFFFF, 0xFFFF, 0xFFFF, 0xFFFF, 0xFFFF, 0xFFFF, 0xFFFF,
    0xFFFF, 0xFFFF, 0xFFFF, 0xFFFF, 0xFFFF, 0xFFFF, 0xFFFF, 0xFFFF, 0xFFFF, 0xFFFF, 0xFFFF, 0xFFFF,
    0xFFFF, 0xFFFF, 0xFFFF, 0xFFFF, 0xFFFF, 0xFFFF, 0xFFFF, 0xFFFF, 0xFFFF, 0xFFFF, 0xFFFF, 0xFFFF,
    0xFFFF, 0xFFFF, 0xFFFF, 0xFFFF, 0xFFFF, 0xFFFF, 0xFFFF, 0xFFFF, 0xFFFF, 0xFFFF, 0xFFFF, 0xFFFF,
    0xFFFF, 0xFFFF, 0xFFFF, 0xFFFF, 0xFFFF, 0xFFFF, 0xFFFF, 0xFFFF, 0xFFFF, 0xFFFF, 0xFFFF, 0xFFFF,
    0xFFFF, 0xFFFF, 0xFFFF, 0xFFFF, 0xFFFF, 0xFFFF, 0xFFFF, 0xFFFF, 0xFFFF, 0xFFFF, 0xFFFF, 0xFFFF,
    0xFFFF, 0xFFFF, 0xFFFF, 0xFFFF, 0xFFFF, 0xFFFF, 0xFFFF, 0xFFFF, 0xFFFF, 0xFFFF, 0xFFFF, 0xFFFF,
    0xFFFF, 0xFFFF, 0xFFFF, 0xFFFF, 0xFFFF, 0xFFFF, 0xFFFF, 0xFFFF, 0xFFFF, 0xFFFF, 0xFFFF, 0xFFFF,
    0xFFFF, 0xFFFF, 0xFFFF, 0xFFFF, 0xFFFF, 0xFFFF, 0xFFFF, 0xFFFF, 0xFFFF, 0xFFFF, 0xFFFF, 0xFFFF,
    0xFFFF, 0xFFFF, 0xFFFF, 0xFFFF, 0xFFFF, 0xFFFF, 0xFFFF, 0xFFFF, 0xFFFF, 0xFFFF, 0xFFFF, 0xFFFF,
    0xFFFF, 0xFFFF, 0xFFFF, 0xFFFF, 0xFFFF, 0xFFFF, 0xFFFF, 0xFFFF, 0xFFFF, 0xFFFF, 0xFFFF, 0xFFFF,
    0xFFFF, 0xFFFF, 0xFFFF, 0xFFFF, 0xFFFF, 0xFFFF, 0xFFFF, 0xFFFF, 0xFFFF, 0xFFFF, 0xFFFF, 0xFFFF,
    0xFFFF, 0xFFFF, 0xFFFF, 0xFFFF, 0xFFFF, 0xFFFF, 0xFFFF, 0xFFFF, 0xFFFF, 0xFFFF, 0xFFFF, 0xFFFF,
    0xFFFF, 0xFFFF, 0xFFFF, 0xFFFF, 0xFFFF, 0xFFFF, 0xFFFF, 0xFFFF, 0xFFFF, 0xFFFF, 0xFFFF, 0xFFFF,
    0xFFFF, 0xFFFF, 0xFFFF, 0xFFFF, 0xFFFF, 0xFFFF, 0xFFFF, 0xFFFF, 0xFFFF, 0xFFFF, 0xFFFF, 0xFFFF,
    0xFFFF, 0xFFFF, 0xFFFF, 0xFFFF, 0xFFFF, 0xFFFF, 0xFFFF, 0xFFFF, 0xFFFF, 0xFFFF, 0xFFFF, 0xFFFF,
    0xFFFF, 0xFFFF, 0xFFFF, 0xFFFF, 0xFFFF, 0xFFFF, 0xFFFF, 0xFFFF, 0xFFFF, 0xFFFF, 0xFFFF, 0xFFFF,
    0xFFFF, 0xFFFF, 0xFFFF, 0xFFFF, 0xFFFF, 0xFFFF, 0xFFFF, 0xFFFF, 0xFFFF, 0xFFFF, 0xFFFF, 0xFFFF,
    0xFFFF, 0xFFFF, 0xFFFF, 0xFFFF, 0xFFFF, 0xFFFF, 0xFFFF, 0xFFFF, 0xFFFF, 0xFFFF, 0xFFFF, 0xFFFF,
    0xFFFF, 0xFFFF, 0xFFFF, 0xFFFF, 0xFFFF, 0xFFFF, 0xFFFF, 0xFFFF, 0xFFFF, 0xFFFF, 0xFFFF, 0xFFFF,
    0xFFFF, 0xFFFF, 0xFFFF, 0xFFFF, 0xFFFF, 0xFFFF, 0xFFFF, 0xFFFF, 0xFFFF, 0xFFFF, 0xFFFF, 0xFFFF,
    0xFFFF, 0xFFFF, 0xFFFF, 0xFFFF, 0xFFFF, 0xFFFF, 0xFFFF, 0xFFFF, 0xFFFF, 0xFFFF, 0xFFFF, 0xFFFF,
    0xFFFF, 0xFFFF, 0xFFFF, 0xFFFF, 0xFFFF, 0xFFFF, 0xFFFF, 0xFFFF, 0xFFFF, 0xFFFF, 0xFFFF, 0xFFFF,
    0xFFFF, 0xFFFF, 0xFFFF, 0xFFFF, 0xFFFF, 0xFFFF, 0xFFFF, 0xFFFF, 0xFFFF, 0xFFFF, 0xFFFF, 0xFFFF,
    0xFFFF, 0xFFFF, 0xFFFF, 0xFFFF, 0xFFFF, 0xFFFF, 0xFFFF, 0xFFFF, 0xFFFF, 0xFFFF, 0xFFFF, 0xFFFF,
    0xFFFF, 0xFFFF, 0xFFFF, 0xFFFF, 0xFFFF, 0xFFFF, 0xFFFF, 0xFFFF, 0xFFFF, 0xFFFF, 0xFFFF, 0xFFFF,
    0xFFFF, 0xFFFF, 0xFFFF, 0xFFFF, 0xFFFF, 0xFFFF, 0xFFFF, 0xFFFF, 0xFFFF, 0xFFFF, 0xFFFF, 0xFFFF,
    0xFFFF, 0xFFFF, 0xFFFF, 0xFFFF, 0xFFFF, 0xFFFF, 0xFFFF, 0xFFFF, 0xFFFF, 0xFFFF, 0xFFFF, 0xFFFF,
    0xFFFF, 0xFFFF, 0xFFFF, 0xFFFF, 0xFFFF, 0xFFFF, 0xFFFF, 0xFFFF, 0xFFFF, 0xFFFF, 0xFFFF, 0xFFFF,
    0xFFFF, 0xFFFF, 0xFFFF, 0xFFFF, 0xFFFF, 0xFFFF, 0xFFFF, 0xFFFF, 0xFFFF, 0xFFFF, 0xFFFF, 0xFFFF,
    0xFFFF, 0xFFFF, 0xFFFF, 0xFFFF, 0xFFFF, 0xFFFF, 0xFFFF, 0xFFFF, 0xFFFF, 0xFFFF, 0xFFFF, 0xFFFF,
    0xFFFF, 0xFFFF, 0xFFFF, 0xFFFF, 0xFFFF, 0xFFFF, 0xFFFF, 0xFFFF, 0xFFFF, 0xFFFF, 0xFFFF, 0xFFFF,
    0xFFFF, 0xFFFF, 0xFFFF, 0xFFFF, 0xFFFF, 0xFFFF, 0xFFFF, 0xFFFF, 0xFFFF, 0xFFFF, 0xFFFF, 0xFFFF,
    0xFFFF, 0xFFFF, 0xFFFF, 0xFFFF, 0xFFFF, 0xFFFF, 0xFFFF, 0xFFFF, 0xFFFF, 0xFFFF, 0xFFFF, 0xFFFF,
    0xFFFF, 0xFFFF, 0xFFFF, 0xFFFF, 0xFFFF, 0xFFFF, 0xFFFF, 0xFFFF, 0xFFFF, 0xFFFF, 0xFFFF, 0xFFFF,
    0xFFFF, 0xFFFF, 0xFFFF, 0xFFFF, 0xFFFF, 0xFFFF, 0xFFFF, 0xFFFF, 0xFFFF, 0xFFFF, 0xFFFF, 0xFFFF,
    0xFFFF, 0xFFFF, 0xFFFF, 0xFFFF, 0xFFFF, 0xFFFF, 0xFFFF, 0xFFFF, 0xFFFF, 0xFFFF, 0xFFFF, 0xFFFF,
    0xFFFF, 0xFFFF, 0xFFFF, 0xFFFF, 0xFFFF, 0xFFFF, 0xFFFF, 0xFFFF, 0xFFFF, 0xFFFF, 0xFFFF, 0xFFFF,
    0xFFFF, 0xFFFF, 0xFFFF, 0xFFFF, 0xFFFF, 0xFFFF, 0xFFFF, 0xFFFF, 0xFFFF, 0xFFFF, 0xFFFF, 0xFFFF,
    0xFFFF, 0xFFFF, 0xFFFF, 0xFFFF, 0xFFFF, 0xFFFF, 0xFFFF, 0xFFFF, 0xFFFF, 0xFFFF, 0xFFFF, 0xFFFF,
    0xFFFF, 0xFFFF, 0xFFFF, 0xFFFF, 0xFFFF, 0xFFFF, 0xFFFF, 0xFFFF, 0xFFFF, 0xFFFF, 0xFFFF, 0xFFFF,
    0xFFFF, 0xFFFF, 0xFFFF, 0xFFFF, 0xFFFF, 0xFFFF, 0xFFFF, 0xFFFF, 0xFFFF, 0xFFFF, 0xFFFF, 0xFFFF,
    0xFFFF, 0xFFFF, 0xFFFF, 0xFFFF, 0xFFFF, 0xFFFF, 0xFFFF, 0xFFFF, 0xFFFF, 0xFFFF, 0xFFFF, 0xFFFF,
    0xFFFF, 0xFFFF, 0xFFFF, 0xFFFF, 0xFFFF, 0xFFFF, 0xFFFF, 0xFFFF, 0xFFFF, 0xFFFF, 0xFFFF, 0xFFFF,
    0xFFFF, 0xFFFF, 0xFFFF, 0xFFFF, 0xFFFF, 0xFFFF, 0xFFFF, 0xFFFF, 0xFFFF, 0xFFFF, 0xFFFF, 0xFFFF,
    0xFFFF, 0xFFFF, 0xFFFF, 0xFFFF, 0xFFFF, 0xFFFF, 0xFFFF, 0xFFFF, 0xFFFF, 0xFFFF, 0xFFFF, 0xFFFF,
    0xFFFF, 0xFFFF, 0xFFFF, 0xFFFF, 0xFFFF, 0xFFFF, 0xFFFF, 0xFFFF, 0xFFFF, 0xFFFF, 0xFFFF, 0xFFFF,
    0xFFFF, 0xFFFF, 0xFFFF, 0xFFFF, 0xFFFF, 0xFFFF, 0xFFFF, 0xFFFF, 0xFFFF, 0xFFFF, 0xFFFF, 0xFFFF,
    0xFFFF, 0xFFFF, 0xFFFF, 0xFFFF, 0xFFFF, 0xFFFF, 0xFFFF, 0xFFFF, 0xFFFF, 0xFFFF, 0xFFFF, 0xFFFF,
    0xFFFF, 0xFFFF, 0xFFFF, 0xFFFF, 0xFFFF, 0xFFFF, 0xFFFF, 0xFFFF, 0xFFFF, 0xFFFF, 0xFFFF, 0xFFFF,
    0xFFFF, 0xFFFF, 0xFFFF, 0xFFFF, 0xFFFF, 0xFFFF, 0xFFFF, 0xFFFF, 0xFFFF, 0xFFFF, 0xFFFF, 0xFFFF,
    0xFFFF, 0xFFFF, 0xFFFF, 0xFFFF, 0xFFFF, 0xFFFF, 0xFFFF, 0xFFFF, 0xFFFF, 0xFFFF, 0xFFFF, 0xFFFF,
    0xFFFF, 0xFFFF, 0xFFFF, 0xFFFF, 0xFFFF, 0xFFFF, 0xFFFF, 0xFFFF, 0xFFFF, 0xFFFF, 0xFFFF, 0xFFFF,
    0xFFFF, 0xFFFF, 0xFFFF, 0xFFFF, 0xFFFF, 0xFFFF, 0xFFFF, 0xFFFF, 0xFFFF, 0xFFFF, 0xFFFF, 0xFFFF,
    0xFFFF, 0xFFFF, 0xFFFF, 0xFFFF, 0xFFFF, 0xFFFF, 0xFFFF, 0xFFFF, 0xFFFF, 0xFFFF, 0xFFFF, 0xFFFF,
    0xFFFF, 0xFFFF, 0xFFFF, 0xFFFF, 0xFFFF, 0xFFFF, 0xFFFF, 0xFFFF, 0xFFFF, 0xFFFF, 0xFFFF, 0xFFFF,
    0xFFFF, 0xFFFF, 0xFFFF, 0xFFFF, 0xFFFF, 0xFFFF, 0xFFFF, 0xFFFF, 0xFFFF, 0xFFFF, 0xFFFF, 0xFFFF,
    0xFFFF, 0xFFFF, 0xFFFF, 0xFFFF, 0xFFFF, 0xFFFF, 0xFFFF, 0xFFFF, 0xFFFF, 0xFFFF, 0xFFFF, 0xFFFF,
    0xFFFF, 0xFFFF, 0xFFFF, 0xFFFF, 0xFFFF, 0xFFFF, 0xFFFF, 0xFFFF, 0xFFFF, 0xFFFF, 0xFFFF, 0xFFFF,
    0xFFFF, 0xFFFF, 0xFFFF, 0xFFFF, 0xFFFF, 0xFFFF, 0xFFFF, 0xFFFF, 0xFFFF, 0xFFFF, 0xFFFF, 0xFFFF,
    0xFFFF, 0xFFFF, 0xFFFF, 0xFFFF, 0xFFFF, 0xFFFF, 0xFFFF, 0xFFFF, 0xFFFF, 0xFFFF, 0xFFFF, 0xFFFF,
    0xFFFF, 0xFFFF, 0xFFFF, 0xFFFF, 0xFFFF, 0xFFFF, 0xFFFF, 0xFFFF, 0xFFFF, 0xFFFF, 0xFFFF, 0xFFFF,
    0xFFFF, 0xFFFF, 0xFFFF, 0xFFFF, 0xFFFF, 0xFFFF, 0xFFFF, 0xFFFF, 0xFFFF, 0xFFFF, 0xFFFF, 0xFFFF,
    0xFFFF, 0xFFFF, 0xFFFF, 0xFFFF, 0xFFFF, 0xFFFF, 0xFFFF, 0xFFFF, 0xFFFF, 0xFFFF, 0xFFFF, 0xFFFF,
    0xFFFF, 0xFFFF, 0xFFFF, 0xFFFF, 0xFFFF, 0xFFFF, 0xFFFF, 0xFFFF, 0xFFFF, 0xFFFF, 0xFFFF, 0xFFFF,
    0xFFFF, 0xFFFF, 0xFFFF, 0xFFFF, 0xFFFF, 0xFFFF, 0xFFFF, 0xFFFF, 0xFFFF, 0xFFFF, 0xFFFF, 0xFFFF,
    0xFFFF, 0xFFFF, 0xFFFF, 0xFFFF, 0xFFFF, 0xFFFF, 0xFFFF, 0xFFFF, 0xFFFF, 0xFFFF, 0xFFFF, 0xFFFF,
    0xFFFF, 0xFFFF, 0xFFFF, 0xFFFF, 0xFFFF, 0xFFFF, 0xFFFF, 0xFFFF, 0xFFFF, 0xFFFF, 0xFFFF, 0xFFFF,
    0xFFFF, 0xFFFF, 0xFFFF, 0xFFFF, 0xFFFF, 0xFFFF, 0xFFFF, 0xFFFF, 0xFFFF, 0xFFFF, 0xFFFF, 0xFFFF,
    0xFFFF, 0xFFFF, 0xFFFF, 0xFFFF, 0xFFFF, 0xFFFF, 0xFFFF, 0xFFFF, 0xFFFF, 0xFFFF, 0xFFFF, 0xFFFF,
    0xFFFF, 0xFFFF, 0xFFFF, 0xFFFF, 0xFFFF, 0xFFFF, 0xFFFF, 0xFFFF, 0xFFFF, 0xFFFF, 0xFFFF, 0xFFFF,
    0xFFFF, 0xFFFF, 0xFFFF, 0xFFFF, 0xFFFF, 0xFFFF, 0xFFFF, 0xFFFF, 0xFFFF, 0xFFFF, 0xFFFF, 0xFFFF,
    0xFFFF, 0xFFFF, 0xFFFF, 0xFFFF, 0xFFFF, 0xFFFF, 0xFFFF, 0xFFFF, 0xFFFF, 0xFFFF, 0xFFFF, 0xFFFF,
    0xFFFF, 0xFFFF, 0xFFFF, 0xFFFF, 0xFFFF, 0xFFFF, 0xFFFF, 0xFFFF, 0xFFFF, 0xFFFF, 0xFFFF, 0xFFFF,
    0xFFFF, 0xFFFF, 0xFFFF, 0xFFFF, 0xFFFF, 0xFFFF, 0xFFFF, 0xFFFF, 0xFFFF, 0xFFFF, 0xFFFF, 0xFFFF,
    0xFFFF, 0xFFFF, 0xFFFF, 0xFFFF, 0xFFFF, 0xFFFF, 0xFFFF, 0xFFFF, 0xFFFF, 0xFFFF, 0xFFFF, 0xFFFF,
    0xFFFF, 0xFFFF, 0xFFFF, 0xFFFF, 0xFFFF, 0xFFFF, 0xFFFF, 0xFFFF, 0xFFFF, 0xFFFF, 0xFFFF, 0xFFFF,
    0xFFFF, 0xFFFF, 0xFFFF, 0xFFFF, 0xFFFF, 0xFFFF, 0xFFFF, 0xFFFF, 0xFFFF, 0xFFFF, 0xFFFF, 0xFFFF,
    0xFFFF, 0xFFFF, 0xFFFF, 0xFFFF, 0xFFFF, 0xFFFF, 0xFFFF, 0xFFFF, 0xFFFF, 0xFFFF, 0xFFFF, 0xFFFF,
    0xFFFF, 0xFFFF, 0xFFFF, 0xFFFF, 0xFFFF, 0xFFFF, 0xFFFF, 0xFFFF, 0xFFFF, 0xFFFF, 0xFFFF, 0xFFFF,
    0xFFFF, 0xFFFF, 0xFFFF, 0xFFFF, 0xFFFF, 0xFFFF, 0xFFFF, 0xFFFF, 0xFFFF, 0xFFFF, 0xFFFF, 0xFFFF,
    0xFFFF, 0xFFFF, 0xFFFF, 0xFFFF, 0xFFFF, 0xFFFF, 0xFFFF, 0xFFFF, 0xFFFF, 0xFFFF, 0xFFFF, 0xFFFF,
    0xFFFF, 0xFFFF, 0xFFFF, 0xFFFF, 0xFFFF, 0xFFFF, 0xFFFF, 0xFFFF, 0xFFFF, 0xFFFF, 0xFFFF, 0xFFFF,
    0xFFFF, 0xFFFF, 0xFFFF, 0xFFFF, 0xFFFF, 0xFFFF, 0xFFFF, 0xFFFF, 0xFFFF, 0xFFFF, 0xFFFF, 0xFFFF,
    0xFFFF, 0xFFFF, 0xFFFF, 0xFFFF, 0xFFFF, 0xFFFF, 0xFFFF, 0xFFFF, 0xFFFF, 0xFFFF, 0xFFFF, 0xFFFF,
    0xFFFF, 0xFFFF, 0xFFFF, 0xFFFF, 0xFFFF, 0xFFFF, 0xFFFF, 0xFFFF, 0xFFFF, 0xFFFF, 0xFFFF, 0xFFFF,
    0xFFFF, 0xFFFF, 0xFFFF, 0xFFFF, 0xFFFF, 0xFFFF, 0xFFFF, 0xFFFF, 0xFFFF, 0xFFFF, 0xFFFF, 0xFFFF,
    0xFFFF, 0xFFFF, 0xFFFF, 0xFFFF, 0xFFFF, 0xFFFF, 0xFFFF, 0xFFFF, 0xFFFF, 0xFFFF, 0xFFFF, 0xFFFF,
    0xFFFF, 0xFFFF, 0xFFFF, 0xFFFF, 0xFFFF, 0xFFFF, 0xFFFF, 0xFFFF, 0xFFFF, 0xFFFF, 0xFFFF, 0xFFFF,
    0xFFFF, 0xFFFF, 0xFFFF, 0xFFFF, 0xFFFF, 0xFFFF, 0xFFFF, 0xFFFF, 0xFFFF, 0xFFFF, 0xFFFF, 0xFFFF,
    0xFFFF, 0xFFFF, 0xFFFF, 0xFFFF, 0xFFFF, 0xFFFF, 0xFFFF, 0xFFFF, 0xFFFF, 0xFFFF, 0xFFFF, 0xFFFF,
    0xFFFF, 0xFFFF, 0xFFFF, 0xFFFF, 0xFFFF, 0xFFFF, 0xFFFF, 0xFFFF, 0xFFFF, 0xFFFF, 0xFFFF, 0xFFFF,
    0xFFFF, 0xFFFF, 0xFFFF, 0xFFFF, 0xFFFF, 0xFFFF, 0xFFFF, 0xFFFF, 0xFFFF, 0xFFFF, 0xFFFF, 0xFFFF,
    0xFFFF, 0xFFFF, 0xFFFF, 0xFFFF, 0xFFFF, 0xFFFF, 0xFFFF, 0xFFFF, 0xFFFF, 0xFFFF, 0xFFFF, 0xFFFF,
    0xFFFF, 0xFFFF, 0xFFFF, 0xFFFF, 0xFFFF, 0xFFFF, 0xFFFF, 0xFFFF, 0xFFFF, 0xFFFF, 0xFFFF, 0xFFFF,
    0xFFFF, 0xFFFF, 0xFFFF, 0xFFFF, 0xFFFF, 0xFFFF, 0xFFFF, 0xFFFF, 0xFFFF, 0xFFFF, 0xFFFF, 0xFFFF,
    0xFFFF, 0xFFFF, 0xFFFF, 0xFFFF, 0xFFFF, 0xFFFF, 0xFFFF, 0xFFFF, 0xFFFF, 0xFFFF, 0xFFFF, 0xFFFF,
    0xFFFF, 0xFFFF, 0xFFFF, 0xFFFF, 0xFFFF, 0xFFFF, 0xFFFF, 0xFFFF, 0xFFFF, 0xFFFF, 0xFFFF, 0xFFFF,
    0xFFFF, 0xFFFF, 0xFFFF, 0xFFFF, 0xFFFF, 0xFFFF, 0xFFFF, 0xFFFF, 0xFFFF, 0xFFFF, 0xFFFF, 0xFFFF,
    0xFFFF, 0xFFFF, 0xFFFF, 0xFFFF, 0xFFFF, 0xFFFF, 0xFFFF, 0xFFFF, 0xFFFF, 0xFFFF, 0xFFFF, 0xFFFF,
    0xFFFF, 0xFFFF, 0xFFFF, 0xFFFF, 0xFFFF, 0xFFFF, 0xFFFF, 0xFFFF, 0xFFFF, 0xFFFF, 0xFFFF, 0xFFFF,
    0xFFFF, 0xFFFF, 0xFFFF, 0xFFFF, 0xFFFF, 0xFFFF, 0xFFFF, 0xFFFF, 0xFFFF, 0xFFFF, 0xFFFF, 0xFFFF,
    0xFFFF, 0xFFFF, 0xFFFF, 0xFFFF, 0xFFFF, 0xFFFF, 0xFFFF, 0xFFFF, 0xFFFF, 0xFFFF, 0xFFFF, 0xFFFF,
    0xFFFF, 0xFFFF, 0xFFFF, 0xFFFF, 0xFFFF, 0xFFFF, 0xFFFF, 0xFFFF, 0xFFFF, 0xFFFF, 0xFFFF, 0xFFFF,
    0xFFFF, 0xFFFF, 0xFFFF, 0xFFFF, 0xFFFF, 0xFFFF, 0xFFFF, 0xFFFF, 0xFFFF, 0xFFFF, 0xFFFF, 0xFFFF,
    0xFFFF, 0xFFFF, 0xFFFF, 0xFFFF, 0xFFFF, 0xFFFF, 0xFFFF, 0xFFFF, 0xFFFF, 0xFFFF, 0xFFFF, 0xFFFF,
    0xFFFF, 0xFFFF, 0xFFFF, 0xFFFF, 0xFFFF, 0xFFFF, 0xFFFF, 0xFFFF, 0xFFFF, 0xFFFF, 0xFFFF, 0xFFFF,
    0xFFFF, 0xFFFF, 0xFFFF, 0xFFFF, 0xFFFF, 0xFFFF, 0xFFFF, 0xFFFF, 0xFFFF, 0xFFFF, 0xFFFF, 0xFFFF,
    0xFFFF, 0xFFFF, 0xFFFF, 0xFFFF, 0xFFFF, 0xFFFF, 0xFFFF, 0xFFFF, 0xFFFF, 0xFFFF, 0xFFFF, 0xFFFF,
    0xFFFF, 0xFFFF, 0xFFFF, 0xFFFF, 0xFFFF, 0xFFFF, 0xFFFF, 0xFFFF, 0xFFFF, 0xFFFF, 0xFFFF, 0xFFFF,
    0xFFFF, 0xFFFF, 0xFFFF, 0xFFFF, 0xFFFF, 0xFFFF, 0xFFFF, 0xFFFF, 0xFFFF, 0xFFFF, 0xFFFF, 0xFFFF,
    0xFFFF, 0xFFFF, 0xFFFF, 0xFFFF, 0xFFFF, 0xFFFF, 0xFFFF, 0xFFFF, 0xFFFF, 0xFFFF, 0xFFFF, 0xFFFF,
    0xFFFF, 0xFFFF, 0xFFFF, 0xFFFF, 0xFFFF, 0xFFFF, 0xFFFF, 0xFFFF, 0xFFFF, 0xFFFF, 0xFFFF, 0xFFFF,
    0xFFFF, 0xFFFF, 0xFFFF, 0xFFFF, 0xFFFF, 0xFFFF, 0xFFFF, 0xFFFF, 0xFFFF, 0xFFFF, 0xFFFF, 0xFFFF,
    0xFFFF, 0xFFFF, 0xFFFF, 0xFFFF, 0xFFFF, 0xFFFF, 0xFFFF, 0xFFFF, 0xFFFF, 0xFFFF, 0xFFFF, 0xFFFF,
    0xFFFF, 0xFFFF, 0xFFFF, 0xFFFF, 0xFFFF, 0xFFFF, 0xFFFF, 0xFFFF, 0xFFFF, 0xFFFF, 0xFFFF, 0xFFFF,
    0xFFFF, 0xFFFF, 0xFFFF, 0xFFFF, 0xFFFF, 0xFFFF, 0xFFFF, 0xFFFF, 0xFFFF, 0xFFFF, 0xFFFF, 0xFFFF,
    0xFFFF, 0xFFFF, 0xFFFF, 0xFFFF, 0xFFFF, 0xFFFF, 0xFFFF, 0xFFFF, 0xFFFF, 0xFFFF, 0xFFFF, 0xFFFF,
    0xFFFF, 0xFFFF, 0xFFFF, 0xFFFF, 0xFFFF, 0xFFFF, 0xFFFF, 0xFFFF, 0xFFFF, 0xFFFF, 0xFFFF, 0xFFFF,
    0xFFFF, 0xFFFF, 0xFFFF, 0xFFFF, 0xFFFF, 0xFFFF, 0xFFFF, 0xFFFF, 0xFFFF, 0xFFFF, 0xFFFF, 0xFFFF,
    0xFFFF, 0xFFFF, 0xFFFF, 0xFFFF, 0xFFFF, 0xFFFF, 0xFFFF, 0xFFFF, 0xFFFF, 0xFFFF, 0xFFFF, 0xFFFF,
    0xFFFF, 0xFFFF, 0xFFFF, 0xFFFF, 0xFFFF, 0xFFFF, 0xFFFF, 0xFFFF, 0xFFFF, 0xFFFF, 0xFFFF, 0xFFFF,
    0xFFFF, 0xFFFF, 0xFFFF, 0xFFFF, 0xFFFF, 0xFFFF, 0xFFFF, 0xFFFF, 0xFFFF, 0xFFFF, 0xFFFF, 0xFFFF,
    0xFFFF, 0xFFFF, 0xFFFF, 0xFFFF, 0xFFFF, 0xFFFF, 0xFFFF, 0xFFFF, 0xFFFF, 0xFFFF, 0xFFFF, 0xFFFF,
    0xFFFF, 0xFFFF, 0xFFFF, 0xFFFF, 0xFFFF, 0xFFFF, 0xFFFF, 0xFFFF, 0xFFFF, 0xFFFF, 0xFFFF, 0xFFFF,
    0xFFFF, 0xFFFF, 0xFFFF, 0xFFFF, 0xFFFF, 0xFFFF, 0xFFFF, 0xFFFF, 0xFFFF, 0xFFFF, 0xFFFF, 0xFFFF,
    0xFFFF, 0xFFFF, 0xFFFF, 0xFFFF, 0xFFFF, 0xFFFF, 0xFFFF, 0xFFFF, 0xFFFF, 0xFFFF, 0xFFFF, 0xFFFF,
    0xFFFF, 0xFFFF, 0xFFFF, 0xFFFF, 0xFFFF, 0xFFFF, 0xFFFF, 0xFFFF, 0xFFFF, 0xFFFF, 0xFFFF, 0xFFFF,
    0xFFFF, 0xFFFF, 0xFFFF, 0xFFFF, 0xFFFF, 0xFFFF, 0xFFFF, 0xFFFF, 0xFFFF, 0xFFFF, 0xFFFF, 0xFFFF,
    0xFFFF, 0xFFFF, 0xFFFF, 0xFFFF, 0xFFFF, 0xFFFF, 0xFFFF, 0xFFFF, 0xFFFF, 0xFFFF, 0xFFFF, 0xFFFF,
    0xFFFF, 0xFFFF, 0xFFFF, 0xFFFF, 0xFFFF, 0xFFFF, 0xFFFF, 0xFFFF, 0xFFFF, 0xFFFF, 0xFFFF, 0xFFFF,
    0xFFFF, 0xFFFF, 0xFFFF, 0xFFFF, 0xF79E, 0xF79D, 0xF77D, 0xEF7C, 0xEF5C, 0xF77D, 0xF77D, 0xF77D,
    0xF77D, 0xF77C, 0xF77D, 0xF77D, 0xF77D, 0xF79D, 0xF7BE, 0xFFBE, 0xFFBE, 0xFFBE, 0xFFFF, 0xFFFF,
    0xFFFF, 0xFFFF, 0xFFFF, 0xFFFF, 0xFFFF, 0xFFFF, 0xFFFF, 0xFFFF, 0xFFFF, 0xFFFF, 0xFFFF, 0xFFFF,
    0xFFFF, 0xFFFF, 0xFFFF, 0xFFFF, 0xFFFF, 0xFFFF, 0xFFFF, 0xFFFF, 0xFFFF, 0xFFFF, 0xFFFF, 0xFFFF,
    0xFFFF, 0xFFFF, 0xFFFF, 0xFFFF, 0xFFFF, 0xFFFF, 0xFFFF, 0xFFFF, 0xFFFF, 0xFFFF, 0xFFFF, 0xFFFF,
    0xFFFF, 0xFFFF, 0xFFFF, 0xFFFF, 0xFFFF, 0xFFFF, 0xFFFF, 0xFFFF, 0xFFFF, 0xFFFF, 0xFFFF, 0xFFFF,
    0xFFFF, 0xFFFF, 0xFFDE, 0xFFFF, 0xFFDF, 0xF7BF, 0xF79F, 0xF7BF, 0xFFDF, 0xFFDF, 0xFFFF, 0xFFFF,
    0xFFFF, 0xFFFF, 0xFFFF, 0xFFFF, 0xFFFF, 0xFFFF, 0xFFFF, 0xFFFF, 0xFFFF, 0xFFFF, 0xFFFF, 0xFFFF,
    0xFFFF, 0xFFFF, 0xFFFF, 0xFFFF, 0xFFFF, 0xFFFF, 0xFFFF, 0xFFFF, 0xFFFF, 0xFFFF, 0xFFFF, 0xFFFF,
    0xFFFF, 0xFFFF, 0xFFFF, 0xFFFF, 0xFFFF, 0xFFFF, 0xFFFF, 0xFFFF, 0xFFFF, 0xFFFF, 0xFFFF, 0xFFFF,
    0xFFFF, 0xFFFF, 0xFFFF, 0xFFFF, 0xFFFF, 0xFFFF, 0xFFFF, 0xFFFF, 0xFFFF, 0xFFFF, 0xF79E, 0xE6DA,
    0xDEB9, 0xDEBA, 0xDEB9, 0xDEB9, 0xDEB9, 0xBD75, 0xAD13, 0xB534, 0xB534, 0xB534, 0xB534, 0xB534,
    0xB534, 0xB534, 0xB534, 0xB534, 0xB554, 0xA4F3, 0x9CB2, 0xA4F3, 0x9492, 0x8430, 0x632C, 0x632C,
    0x632C, 0x632C, 0x738E, 0x8410, 0x9492, 0x94B2, 0x9492, 0x94B2, 0x9492, 0x94B2, 0xA534, 0xAD75,
    0xA514, 0xA514, 0xA534, 0xA534, 0xA534, 0xA534, 0xA534, 0xA534, 0xA534, 0xA534, 0xA514, 0xA534,
    0xA534, 0xA534, 0xA514, 0xA514, 0xA534, 0xAD35, 0xAD55, 0xAD75, 0xB575, 0xB575, 0xB575, 0xB575,
    0xAD75, 0xAD55, 0xAD54, 0xA534, 0xB575, 0xB5B6, 0xB596, 0xB596, 0x9CD3, 0xA4F3, 0x94B4, 0x94B5,
    0x8456, 0x73D6, 0x73D6, 0x6B95, 0x6BB5, 0x73D6, 0x7C36, 0x8437, 0x8477, 0x8C97, 0x8CB7, 0x94D7,
    0x94D6, 0x9CF7, 0x9CF7, 0x9D17, 0xA537, 0xA536, 0x9CF5, 0x9CF5, 0x9CF5, 0x9CF4, 0x9CF4, 0x9D15,
    0xA515, 0xA535, 0xA556, 0xAD57, 0xA557, 0xA557, 0xA536, 0xA515, 0xA515, 0xA534, 0xA534, 0xB5B6,
    0xFFFF, 0xFFFF, 0xFFFF, 0xFFFF, 0xFFFF, 0xFFFF, 0xFFFF, 0xFFFF, 0xFFFF, 0xFFFF, 0xFFFF, 0xFFFF,
    0xFFFF, 0xFFFF, 0xFFFF, 0xFFFF, 0xFFFF, 0xFFFF, 0xE6FB, 0xDEB9, 0xDEB9, 0xDEB9, 0xDEBA, 0xDEBA,
    0xDEBA, 0xD658, 0xCE17, 0xCE37, 0xCE37, 0xCE37, 0xCE37, 0xCE37, 0xCE37, 0xCE37, 0xCE17, 0xCE17,
    0xD658, 0x9450, 0x5AAA, 0x4A48, 0x18E3, 0x0000, 0x0000, 0x0000, 0x0020, 0x0820, 0x0841, 0x0000,
    0x0000, 0x0000, 0x0000, 0x0000, 0x18E3, 0x0000, 0x2965, 0x9CF3, 0xD699, 0xC5F7, 0xC5D6, 0xC5F7,
    0xC5F7, 0xC5F7, 0xCE17, 0xC617, 0xC617, 0xC5D6, 0xBDD6, 0xC617, 0xC617, 0xC5F7, 0xC5D6, 0xBDB6,
    0xC5D6, 0xCDF6, 0xCDF7, 0xCDF7, 0xCDF7, 0xCE17, 0xCE17, 0xCDF6, 0xC5D6, 0xCDD6, 0xBD74, 0xA4D1,
    0xB513, 0xB554, 0xB575, 0xB575, 0x9CD4, 0x8433, 0x7BF3, 0x8413, 0x73D5, 0x6376, 0x6397, 0x6377,
    0x6377, 0x6377, 0x6377, 0x5336, 0x4AF5, 0x4AF5, 0x4AF5, 0x4AD5, 0x4294, 0x4294, 0x4274, 0x4274,
    0x4294, 0x4294, 0x4293, 0x4293, 0x4293, 0x42B3, 0x4AB3, 0x4AD4, 0x5314, 0x6375, 0x6B96, 0x73D6,
    0x8C98, 0x8CB8, 0x8CB8, 0x8C97, 0x8C77, 0xA538, 0xBE18, 0xCE7A, 0xEF7E, 0xFFFF, 0xFFFF, 0xFFFF,
    0xFFFF, 0xFFFF, 0xFFFF, 0xFFFF, 0xFFFF, 0xFFFF, 0xFFFF, 0xFFFF, 0xFFFF, 0xFFFF, 0xFFFF, 0xFFFF,
    0xFFFF, 0xFFFF, 0xDEDA, 0xDEB9, 0xDEB9, 0xDEB9, 0xDEB9, 0xDEB9, 0xDEB9, 0xE6DA, 0xE6DA, 0xE6DA,
    0xE6DA, 0xE6DA, 0xE6DA, 0xE6DA, 0xE6DA, 0xE6DA, 0xE6DA, 0xE6DA, 0xEF1B, 0x9471, 0x738D, 0x5ACA,
    0x2965, 0x0841, 0x0841, 0x10A3, 0x42ED, 0x5C33, 0x1925, 0x0041, 0x632C, 0x8430, 0x0841, 0x4A69,
    0xC618, 0x632C, 0x0000, 0x39C7, 0x9CD2, 0xDE99, 0xEEFB, 0xE6DA, 0xDE98, 0xDE78, 0xDE58, 0xDE78,
    0xDE78, 0xDE58, 0xDE58, 0xDE58, 0xE6B9, 0xE6FA, 0xE6FB, 0xEEFB, 0xE6DA, 0xE6B9, 0xE699, 0xE699,
    0xDE58, 0xD617, 0xD5D6, 0xCD95, 0xCD74, 0xCD74, 0xC533, 0xBCF2, 0xBD53, 0xC594, 0xC594, 0xBD94,
    0xBDD6, 0xA4F4, 0x9473, 0x9473, 0x8C74, 0x8435, 0x8456, 0x8456, 0x7C37, 0x7C37, 0x6BD7, 0x5B57,
    0x5B77, 0x5B77, 0x5B77, 0x5316, 0x5316, 0x5316, 0x5317, 0x5317, 0x5317, 0x5317, 0x5317, 0x5317,
    0x5317, 0x5317, 0x5317, 0x52F7, 0x5316, 0x5317, 0x5B37, 0x5B57, 0x7C39, 0x8CDA, 0x94DA, 0x94DA,
    0x94DA, 0x9D1B, 0xA57B, 0xAD9B, 0xA57A, 0xC63C, 0xFFDF, 0xFFFF, 0xFFFF, 0xFFFF, 0xFFFF, 0xFFFF,
    0xFFFF, 0xFFFF, 0xFFFF, 0xFFFF, 0xFFFF, 0xFFFF, 0xFFFF, 0xFFFF, 0xFFFF, 0xFFFF, 0xEF7D, 0xE6BA,
    0xDEB9, 0xDEB9, 0xDEB9, 0xDEB9, 0xDEB9, 0xDEB9, 0xDEB9, 0xDEB9, 0xDEB9, 0xDEB9, 0xDEB9, 0xE6DA,
    0xDEB9, 0xE6DA, 0xE6FB, 0xDEBA, 0xCE17, 0x736D, 0x4A48, 0x4A28, 0x1082, 0x0000, 0x0000, 0x0020,
    0x3A6B, 0x7517, 0x42CD, 0x0000, 0x5ACB, 0x5AEB, 0x528A, 0x738E, 0xB5B6, 0x9492, 0x0861, 0x0020,
    0x2965, 0x83EF, 0xDEBA, 0xD658, 0xCDF6, 0xD5F7, 0xD617, 0xD5F7, 0xD5F7, 0xCDF6, 0xCDF6, 0xD617,
    0xD617, 0xD658, 0xD5F7, 0xCD95, 0xC554, 0xC533, 0xBD13, 0xBCF2, 0xBCF2, 0xBCF2, 0xBCD2, 0xBCD2,
    0xBCD2, 0xBCD1, 0xB4B1, 0xB491, 0xB4B1, 0xB4B1, 0xB4D2, 0xB533, 0xB554, 0xAD13, 0x9493, 0x9C73,
    0x9493, 0x9473, 0x9472, 0x9473, 0x9473, 0x8C74, 0x7C15, 0x6B95, 0x5B56, 0x5B56, 0x5B56, 0x52F6,
    0x52F6, 0x52F6, 0x52F6, 0x52F6, 0x52F6, 0x52F6, 0x52F6, 0x52F6, 0x52F6, 0x52F6, 0x52F6, 0x52F6,
    0x52F6, 0x52F6, 0x52F6, 0x4AD6, 0x4AF6, 0x5316, 0x5B36, 0x6397, 0x5B56, 0x6377, 0x7C18, 0x8479,
    0x8CB9, 0x8CB9, 0xD6DC, 0xFFFF, 0xFFFF, 0xFFFF, 0xFFFF, 0xFFFF, 0xFFFF, 0xFFFF, 0xFFFF, 0xFFFF,
    0xFFFF, 0xFFFF, 0xFFFF, 0xFFFF, 0xFFFF, 0xFFFF, 0xBDD7, 0xCDF7, 0xEEFA, 0xDE99, 0xDEB9, 0xDEB9,
    0xDEB9, 0xDEB9, 0xDEB9, 0xDEB9, 0xDEB9, 0xE6BA, 0xE6DA, 0xC5F6, 0xE6FA, 0xB554, 0x9450, 0xA4D2,
    0xA4F3, 0xAD14, 0x9CF3, 0x39E7, 0x0841, 0x0861, 0x0020, 0x0020, 0x0861, 0x2146, 0x4B70, 0x6475,
    0x18E4, 0x73AE, 0x8431, 0x0000, 0x738E, 0xAD75, 0x4208, 0x0020, 0x1082, 0x2945, 0xB596, 0xE6FA,
    0xDE78, 0xDE99, 0xD637, 0xD617, 0xD5F6, 0xD5F6, 0xD5F6, 0xCD94, 0xBD12, 0xBCB1, 0xBCD2, 0xBCF2,
    0xBD12, 0xC513, 0xC513, 0xC513, 0xC512, 0xC4F2, 0xC4F2, 0xC4F2, 0xBD12, 0xC513, 0xC513, 0xBCF2,
    0xBCD2, 0xB491, 0xAC70, 0xAC91, 0xACF3, 0xB554, 0xA4F3, 0x9CB2, 0x9CB3, 0xA4D3, 0x9CD3, 0x9C93,
    0x9493, 0x9472, 0x8434, 0x7C14, 0x6BB6, 0x5B56, 0x5B56, 0x52F6, 0x52F6, 0x52F6, 0x52F6, 0x52F6,
    0x52F6, 0x52F6, 0x52F6, 0x52F6, 0x52F6, 0x52F6, 0x52F6, 0x52F6, 0x52F6, 0x52F6, 0x52F6, 0x52F6,
    0x4AF6, 0x4AD5, 0x4AD6, 0x4AF6, 0x4AF6, 0x4AD6, 0x5336, 0x5B57, 0x6377, 0x6397, 0x8CD9, 0xBE1B,
    0xD6DD, 0xFFDF, 0xFFFF, 0xFFFF, 0xFFFF, 0xFFFF, 0xFFFF, 0xFFFF, 0xFFFF, 0xFFFF, 0xFFFF, 0xFFFF,
    0xF7BE, 0xA514, 0x9492, 0x9C91, 0xDE78, 0xEF1B, 0xE6DA, 0xDEB9, 0xDEB9, 0xDEB9, 0xDEBA, 0xDEB9,
    0xE6DA, 0xDEB9, 0xA4B2, 0xAD13, 0xB554, 0xB595, 0xA514, 0x8430, 0xFFDF, 0xFFFF, 0xFFFF, 0xD6BA,
    0x31A6, 0x3186, 0x2965, 0x3186, 0x3186, 0x31C8, 0x6434, 0x53B1, 0x0882, 0x0840, 0x1081, 0x4208,
    0x3186, 0xB596, 0x9CD3, 0x1082, 0x10A2, 0x0861, 0x4208, 0xD678, 0xE6DA, 0xDEB9, 0xD637, 0xD616,
    0xD617, 0xCDD5, 0xBD12, 0xBCB1, 0xBCB1, 0xBCD1, 0xBCD2, 0xBCF2, 0xC512, 0xBCD1, 0xBC90, 0xB470,
    0xB44F, 0xAC2F, 0xAC2F, 0xAC2F, 0xAC2F, 0xB44F, 0xB470, 0xBCB1, 0xBCD2, 0xB491, 0xB491, 0xAC90,
    0xAC90, 0xB4F2, 0xBD95, 0xB575, 0xB554, 0xAD33, 0xB575, 0xBD95, 0xB575, 0xB554, 0x9473, 0x8433,
    0x7C15, 0x6BD7, 0x5B77, 0x5336, 0x52F6, 0x52F6, 0x52F6, 0x52F6, 0x52F6, 0x52F6, 0x52F6, 0x52F6,
    0x52F6, 0x52F6, 0x52F6, 0x52F6, 0x52F6, 0x52F6, 0x52F6, 0x52F6, 0x4AF6, 0x4AD6, 0x4AD6, 0x4AD6,
    0x4AD6, 0x42B5, 0x4AD6, 0x4AF6, 0x52F6, 0x52F6, 0x6377, 0x73F8, 0x73F8, 0x9D19, 0xCE7C, 0xFFDF,
    0xFFFF, 0xFFFF, 0xFFFF, 0xFFFF, 0xFFFF, 0xFFFF, 0xFFFF, 0xFFFF, 0xBDD7, 0x738E, 0x8410, 0x8410,
    0x83CE, 0x9C91, 0xCDF7, 0xE6DA, 0xE6FA, 0xDEB9, 0xDE99, 0xE6BA, 0xDE99, 0x9C91, 0xC5D6, 0xC5D6,
    0xAD34, 0xFFFF, 0xFFFF, 0xBDF7, 0xA514, 0xC618, 0xD69A, 0xFFFF, 0xC638, 0x2965, 0x4208, 0x4208,
    0x4228, 0x2945, 0x31E9, 0x4B0E, 0x4B2F, 0x322A, 0x18C3, 0xB596, 0x6B6D, 0x528A, 0x39E7, 0x0000,
    0x0841, 0x18E3, 0x0861, 0x632C, 0xEEFB, 0xDE99, 0xD637, 0xD616, 0xCDB5, 0xBCD2, 0xBCB1, 0xBCD1,
    0xBCD1, 0xBCB1, 0xB490, 0xB44F, 0xAC0F, 0xABEE, 0xABCD, 0xA3CD, 0xA3CD, 0xA3CD, 0xA3CE, 0xA3CE,
    0xA3CE, 0xA3CD, 0xABCD, 0xA3CD, 0xABEE, 0xAC0F, 0xAC50, 0xB491, 0xB491, 0xAC70, 0xB4D1, 0xBD95,
    0xBD95, 0xB574, 0xAD34, 0xB554, 0xBD95, 0xBD95, 0xA4F4, 0x9CB3, 0x7BF4, 0x6377, 0x73F8, 0x6397,
    0x5B36, 0x52F6, 0x52F6, 0x52F6, 0x52F6, 0x52F6, 0x52F6, 0x52F6, 0x52F6, 0x52F6, 0x52F6, 0x52F6,
    0x52F6, 0x52F6, 0x52F6, 0x4AF6, 0x4AD6, 0x4AD6, 0x4AD6, 0x42B5, 0x42B5, 0x42B5, 0x4AB6, 0x4AF6,
    0x52F6, 0x52F6, 0x5B56, 0x73F8, 0x73D8, 0x8C99, 0x9D3A, 0xB5DB, 0xFFFF, 0xFFFF, 0xFFFF, 0xFFFF,
    0xFFFF, 0xFFFF, 0xFFFF, 0xF7BE, 0x8C51, 0x7BEF, 0x8410, 0x7BEF, 0x83EF, 0x6B4D, 0x736D, 0x9471,
    0xC5F6, 0xE6FB, 0xEEFB, 0xDEB9, 0x9471, 0xD679, 0xFFDE, 0xEF7D, 0xC638, 0xEF5D, 0xFFFF, 0xFFFF,
    0xCE79, 0x7BCF, 0xD6BA, 0xFFFF, 0xFFFF, 0x94B2, 0x2945, 0x4208, 0x4208, 0x39E7, 0x18E3, 0x5B90,
    0x53B2, 0x42AD, 0x0841, 0x8C51, 0x9492, 0x18E3, 0x0841, 0x0020, 0x0000, 0x0861, 0x2104, 0x0861,
    0xA4F3, 0xF75C, 0xD617, 0xCDF6, 0xBCF2, 0xB4B1, 0xB4B1, 0xBCB1, 0xB490, 0xAC0E, 0xABCE, 0xA3AE,
    0xA3AD, 0xA3AD, 0xA3AD, 0xABCE, 0xABCE, 0xABCE, 0xABCE, 0xA3CE, 0xA3CD, 0xABCD, 0xABCD, 0xABCD,
    0xA3AD, 0xA3AD, 0xABCD, 0xAC2E, 0xB491, 0xBCD1, 0xB4D1, 0xB4F2, 0xBD95, 0xBD95, 0xBD95, 0xB554,
    0xAD33, 0xB595, 0xAD54, 0xA4F3, 0xA514, 0x8456, 0x6377, 0x73D8, 0x5316, 0x52D6, 0x52F6, 0x52F6,
    0x52F6, 0x52F6, 0x52F6, 0x52F6, 0x52F6, 0x52F6, 0x52F6, 0x52F6, 0x52F6, 0x52F6, 0x4AD6, 0x4AD6,
    0x4AD6, 0x4AD6, 0x4AB5, 0x42B5, 0x42B5, 0x42B5, 0x42B5, 0x4AD6, 0x4AD5, 0x52F6, 0x5B57, 0x6BB7,
    0x73F8, 0x9D3A, 0xA59B, 0xD6DC, 0xFFFF, 0xFFFF, 0xFFFF, 0xFFFF, 0xFFFF, 0xFFFF, 0xFFFF, 0xD69A,
    0x7BCF, 0x8410, 0x7BEF, 0x7BEF, 0x7BEF, 0x8430, 0x8410, 0x7BAE, 0x62EB, 0x736D, 0xE71C, 0xAD54,
    0xB5B6, 0xFFFF, 0xFFDF, 0xFFFF, 0xC638, 0xBDD7, 0xF7BE, 0xF7BE, 0xFFFF, 0xD69A, 0xA514, 0xFFFF,
    0xFFFF, 0xFFFF, 0x5AEB, 0x31A6, 0x4208, 0x4208, 0x2945, 0x20E3, 0x3A08, 0x324A, 0x1925, 0x20E4,
    0x9CF3, 0xAD55, 0x2124, 0x0020, 0x0020, 0x0020, 0x10A2, 0x18C3, 0x2965, 0xEF7D, 0xE6DA, 0xC574,
    0xBCD2, 0xBCB1, 0xBCB1, 0xB44F, 0xABEE, 0xABCE, 0xABCE, 0xA3CE, 0xA3CE, 0xABCE, 0xABCE, 0xABCE,
    0xA3CE, 0xABCE, 0xABCE, 0xABCE, 0xABCE, 0xABCD, 0xABCD, 0xA3AD, 0xABCD, 0xABCD, 0xABCD, 0xA3CD,
    0xABEE, 0xB490, 0xBCD1, 0xBCD2, 0xBD54, 0xCE37, 0xC5F7, 0xBDD6, 0xB575, 0xAD13, 0xBD95, 0xBD95,
    0xB595, 0xCE58, 0x94D6, 0x7C18, 0x6BB7, 0x6397, 0x6357, 0x5B36, 0x5B36, 0x5B36, 0x5B16, 0x5316,
    0x52F6, 0x52F6, 0x52F6, 0x52F6, 0x52F6, 0x52F6, 0x52F6, 0x52F6, 0x4AD6, 0x4AB5, 0x42B5, 0x42B5,
    0x42B5, 0x42B6, 0x4AD6, 0x4AD6, 0x4AD6, 0x4AF6, 0x52F6, 0x5B36, 0x6377, 0x6BD8, 0x8478, 0xBE3C,
    0xF7BE, 0xFFFF, 0xFFFF, 0xFFFF, 0xFFFF, 0xFFFF, 0xFFFF, 0xC618, 0x73AE, 0x8410, 0x7BEF, 0x7BEF,
    0x7BEF, 0x7BEF, 0x7BEF, 0x8410, 0x8430, 0x632C, 0x52AA, 0xD69A, 0xFFFF, 0xFFDF, 0xFFFF, 0xF79E,
    0x8C71, 0x8410, 0x94B2, 0xDEDB, 0xFFFF, 0xFFDF, 0x8C71, 0xF79E, 0xFFFF, 0xFFFF, 0xD6BA, 0x4208,
    0x4208, 0x39E7, 0x39E8, 0x10A2, 0x31C7, 0x85BB, 0x3AAC, 0x0000, 0x6B6D, 0xB5B6, 0x3186, 0x0020,
    0x0861, 0x0000, 0x0841, 0x2104, 0x0861, 0x8410, 0xFFFF, 0xD5F6, 0xCD54, 0xBCF2, 0xB450, 0xA3CD,
    0xABEE, 0xABEE, 0xA3CE, 0xA3AD, 0xA3AD, 0xABCE, 0xABCE, 0xABCE, 0xABCE, 0xABEE, 0xABEE, 0xABEE,
    0xABEE, 0xABEE, 0xABCD, 0xABCD, 0xA3AD, 0xA3AD, 0xA3CD, 0xA3AD, 0xA3AD, 0xABEE, 0xB470, 0xB4B1,
    0xB4D1, 0xCDD6, 0xD679, 0xD678, 0xC5F7, 0xB575, 0xAD33, 0xBD95, 0xB595, 0xC5F6, 0xB596, 0x7C15,
    0x73F8, 0x7418, 0x6BB7, 0x5B36, 0x52F6, 0x52F6, 0x52F6, 0x52F6, 0x52F6, 0x52F6, 0x52F6, 0x52F6,
    0x52F6, 0x52F6, 0x5316, 0x52F6, 0x4AF6, 0x4AD6, 0x4AD6, 0x4AD6, 0x4AD6, 0x4AF6, 0x4AF6, 0x52F6,
    0x52F6, 0x52F6, 0x5316, 0x5316, 0x5316, 0x5316, 0x5316, 0x6B97, 0xBE1B, 0xFFFF, 0xFFFF, 0xFFFF,
    0xFFFF, 0xFFFF, 0xFFFF, 0xEF5D, 0x8C51, 0x7BEF, 0x7BEF, 0x7BEF, 0x7BEF, 0x7BEF, 0x7BEF, 0x7BEF,
    0x7BEF, 0x8C51, 0x6B6D, 0x8C71, 0xDEDB, 0xAD55, 0xFFFF, 0xFFFF, 0xEF7D, 0xA514, 0xAD55, 0xC638,
    0xCE59, 0xFFFF, 0xAD55, 0xD69A, 0xFFFF, 0xFFDF, 0xFFFF, 0x9492, 0x4208, 0x39E7, 0x4208, 0x3186,
    0x10A3, 0x534E, 0x7538, 0x2A09, 0x0000, 0x4A69, 0x528A, 0x0020, 0x0861, 0x0020, 0x0000, 0x1082,
    0x18E3, 0x2124, 0xDEFB, 0xDE38, 0xCD95, 0xB450, 0xA3CE, 0xABEE, 0xABEE, 0xA3AD, 0xA3AD, 0xA3CE,
    0xA3AD, 0xABCE, 0xABEE, 0xABEE, 0xABEE, 0xABEE, 0xABEE, 0xABCE, 0xABCE, 0xABCE, 0xABCE, 0xABCE,
    0xA3CD, 0xA3AC, 0xA3AC, 0xA38C, 0xA3AC, 0xA3AD, 0xA3EE, 0xB46F, 0xB4B1, 0xB4B1, 0xC5B5, 0xCE37,
    0xC5D6, 0xBD95, 0xB575, 0xAD33, 0xBD95, 0xBD95, 0x9CD4, 0x7BF4, 0x6397, 0x73F8, 0x73F8, 0x5B56,
    0x5316, 0x5B36, 0x52F6, 0x52F6, 0x52F6, 0x52F6, 0x52F6, 0x52F6, 0x52F6, 0x52F6, 0x52F6, 0x5B36,
    0x5B56, 0x5B57, 0x5336, 0x52F6, 0x4AF6, 0x4AD6, 0x4AD6, 0x52F6, 0x52F6, 0x52F6, 0x52F6, 0x52F6,
    0x52F6, 0x52F6, 0x52F6, 0x6377, 0xCE7C, 0xFFFF, 0xFFFF, 0xFFFF, 0xFFFF, 0xFFFF, 0xFFFF, 0xFFFF,
    0xD69A, 0x7BCF, 0x8410, 0x7BEF, 0x7BEF, 0x7BEF, 0x7BEF, 0x7BEF, 0x7BEF, 0x7BEF, 0x8430, 0x8430,
    0xB5B6, 0x8C71, 0xFFFF, 0xFFFF, 0xFFFF, 0xFFFF, 0x8430, 0xBDF7, 0xD6BA, 0xFFFF, 0x9CD3, 0xE71C,
    0xFFFF, 0xFFFF, 0xFFFF, 0xE71C, 0x5AEB, 0x4228, 0x39E7, 0x4208, 0x2124, 0x18C3, 0x5BB0, 0x6CD7,
    0x2145, 0x0020, 0x0841, 0x0861, 0x0841, 0x0861, 0x0000, 0x0020, 0x18E3, 0x1082, 0x94B2, 0xE658,
    0xBCF2, 0xABEE, 0xABCD, 0xABCD, 0xA3AD, 0xA3CE, 0xABCE, 0xA3AD, 0xABCE, 0xABEE, 0xABEE, 0xABCE,
    0xABCD, 0xABCD, 0xABCD, 0xABCD, 0xABCE, 0xABCD, 0xA3AD, 0xA3CD, 0xABCE, 0xA3CE, 0xA3AD, 0xA3AC,
    0xA38C, 0xA38C, 0xA3AC, 0xAC0E, 0xBCD1, 0xBCD1, 0xBCF2, 0xCDD6, 0xC5B5, 0xBD74, 0xBD95, 0xB554,
    0xB534, 0xBDB5, 0xA4F4, 0x8435, 0x6B96, 0x73F8, 0x73F8, 0x6397, 0x5B56, 0x5B56, 0x5316, 0x52F6,
    0x52F6, 0x52F6, 0x52F6, 0x52F6, 0x52F6, 0x52F6, 0x52F6, 0x5316, 0x5316, 0x5316, 0x5316, 0x52F6,
    0x4AF6, 0x4AD6, 0x42B5, 0x4AF6, 0x52F6, 0x52F6, 0x52F6, 0x52F6, 0x52F6, 0x52F6, 0x52F6, 0x52F6,
    0x7C38, 0xEF7E, 0xFFFF, 0xFFFF, 0xFFFF, 0xFFFF, 0xFFFF, 0xFFFF, 0xEF5D, 0x8C51, 0x7BEF, 0x7BEF,
    0x7BEF, 0x7BEF, 0x7BEF, 0x7BEF, 0x7BEF, 0x7BEF, 0x7BCF, 0x738E, 0xB596, 0x8C71, 0xFFFF, 0xFFFF,
    0xFFFF, 0xFFFF, 0x9CF3, 0xA514, 0xCE59, 0xCE79, 0x94B2, 0xFFFF, 0xFFFF, 0xFFFF, 0xFFFF, 0xFFFF,
    0x8C51, 0x528A, 0x39E7, 0x4208, 0x39C7, 0x2124, 0x3186, 0x534F, 0x324A, 0x0841, 0x1082, 0x0861,
    0x0841, 0x0861, 0x0020, 0x0000, 0x1082, 0x1082, 0x62CB, 0xD5D5, 0xAC2F, 0xABED, 0xA3AD, 0xA3AC,
    0xABCE, 0xABCE, 0xA3CE, 0xABCE, 0xABEE, 0xABEE, 0xABEE, 0xB40F, 0xB40F, 0xAC0E, 0xAC0E, 0xAC0F,
    0xB42F, 0xABEE, 0xA3AD, 0xABCE, 0xABEE, 0xAC0F, 0xABEE, 0xA3AD, 0xA3AC, 0xA38C, 0xA38C, 0xA3AD,
    0xB450, 0xC533, 0xBCD2, 0xC574, 0xCDF6, 0xBD94, 0xBD74, 0xBD95, 0xAD33, 0xBD95, 0xAD35, 0x8C54,
    0x7C15, 0x73F8, 0x73D8, 0x6BD8, 0x5B76, 0x5B56, 0x5336, 0x52F6, 0x52F6, 0x52F6, 0x52F6, 0x52F6,
    0x52F6, 0x52F6, 0x52F6, 0x52F6, 0x52F6, 0x52F6, 0x52F6, 0x52F6, 0x4AF6, 0x4AD6, 0x4AF6, 0x4B16,
    0x52F6, 0x52F6, 0x52F6, 0x52F6, 0x52F6, 0x52F6, 0x52F6, 0x52F6, 0x42B5, 0x9D19, 0xF7BF, 0xFFFF,
    0xFFFF, 0xFFFF, 0xFFFF, 0xCE59, 0x8C51, 0x8410, 0x7BEF, 0x7BEF, 0x7BEF, 0x7BEF, 0x7BEF, 0x7BEF,
    0x7BEF, 0x7BEF, 0x7BEF, 0x6B6D, 0xC618, 0x8C71, 0xFFFF, 0xFFDF, 0xFFFF, 0xFFFF, 0xFFDF, 0xEF5D,
    0xAD55, 0x8410, 0xFFDF, 0xFFFF, 0xFFFF, 0xFFFF, 0xFFDF, 0xFFFF, 0xB5B6, 0x632C, 0x4208, 0x39E7,
    0x39E7, 0x39C7, 0x2944, 0x31A6, 0x5C34, 0x42CD, 0x10C3, 0x0841, 0x0841, 0x0861, 0x0020, 0x0000,
    0x0841, 0x10A2, 0x39A6, 0xBCB2, 0xABEE, 0xABCD, 0xA38C, 0xA3AD, 0xABCE, 0xA3AD, 0xABEE, 0xABCE,
    0xABCE, 0xAC2F, 0xB470, 0xAC0F, 0xA3EE, 0xAC0F, 0xAC0E, 0xA3EE, 0xABEE, 0xABCD, 0xABEE, 0xB470,
    0xB450, 0xB42F, 0xB470, 0xAC2F, 0xA3AC, 0xA3AC, 0xA38C, 0xA38C, 0xA3AD, 0xBCB1, 0xC512, 0xBCF2,
    0xCDD6, 0xBD74, 0xB554, 0xBD95, 0xB554, 0xB554, 0xAD15, 0x8C75, 0x7C36, 0x7418, 0x73D8, 0x73F8,
    0x6377, 0x5336, 0x5316, 0x52F6, 0x52F6, 0x52F6, 0x52F6, 0x52F6, 0x52F6, 0x52F6, 0x52F6, 0x52F6,
    0x52F6, 0x52F6, 0x52F6, 0x52F6, 0x4AD6, 0x42B5, 0x4AD5, 0x4AF6, 0x4AF6, 0x52F6, 0x52F6, 0x52F6,
    0x52F6, 0x52F6, 0x52F6, 0x52F6, 0x5B57, 0x94DA, 0xEF5E, 0xFFFF, 0xFFFF, 0xFFFF, 0xF79E, 0x8430,
    0x7BCF, 0x8410, 0x7BEF, 0x7BEF, 0x7BEF, 0x7BEF, 0x7BEF, 0x7BEF, 0x7BEF, 0x8410, 0x738E, 0x7BEF,
    0xE6FC, 0x8C51, 0xFFFF, 0xFFFF, 0xFFFF, 0xE73C, 0x9CF3, 0x8430, 0xB596, 0xCE79, 0xA534, 0xFFFF,
    0xFFFF, 0xFFFF, 0xFFFF, 0xFFFF, 0xEF7D, 0x6B4D, 0x4A69, 0x39E7, 0x39E7, 0x4A49, 0x3186, 0x2965,
    0x6C95, 0x5391, 0x0882, 0x0841, 0x0020, 0x0841, 0x0841, 0x0000, 0x0020, 0x0861, 0x2904, 0xAC0F,
    0xABEE, 0xA3AC, 0xA38C, 0xA3AD, 0xA3AD, 0xABCD, 0xABEE, 0xAC0E, 0xB470, 0xBC91, 0xABEE, 0xAC0F,
    0xB470, 0xB470, 0xB491, 0xB491, 0xB450, 0xABEE, 0xA3CD, 0xA3EE, 0xAC50, 0xB470, 0xB491, 0xBCB1,
    0xB44F, 0xA3CD, 0xA38C, 0xA38C, 0xA38C, 0xABED, 0xBCF2, 0xB4B1, 0xC574, 0xBD94, 0xB554, 0xBD74,
    0xB554, 0xA4F3, 0x9CD4, 0x8414, 0x73D7, 0x73F8, 0x73F8, 0x6BB7, 0x5B16, 0x52F6, 0x52F6, 0x52F6,
    0x52F6, 0x52F6, 0x52F6, 0x52F6, 0x52F6, 0x52F6, 0x52F6, 0x52F6, 0x52F6, 0x52F6, 0x52F6, 0x4AD6,
    0x4AD5, 0x42B5, 0x42B5, 0x4AB5, 0x4AD6, 0x4AF6, 0x52F6, 0x52F6, 0x52F6, 0x52F6, 0x52F6, 0x52F6,
    0x5336, 0x8CB9, 0xFFDF, 0xFFFF, 0xFFFF, 0xFFFF, 0xF7BE, 0x9492, 0x7BEF, 0x8410, 0x7BEF, 0x7BEF,
    0x7BEF, 0x7BEF, 0x7BEF, 0x7BEF, 0x7BEF, 0x8410, 0x6B4D, 0xB576, 0xFFDF, 0xBD96, 0xA4F4, 0xCE79,
    0x9492, 0x5AEB, 0xCE59, 0xFFDF, 0xFFFF, 0xFFFF, 0xB596, 0x9CD3, 0xF7BE, 0xFFFF, 0xBDF7, 0xF7BE,
    0xFFFF, 0x9492, 0x4228, 0x4208, 0x39E7, 0x4A49, 0x4A49, 0x20E3, 0x428A, 0x6CD7, 0x1905, 0x0841,
    0x0841, 0x0841, 0x0841, 0x0000, 0x0000, 0x0020, 0x20C3, 0x938D, 0xABED, 0xA38C, 0xA3AC, 0xA3AC,
    0xA3AC, 0xABCE, 0xB40F, 0xB490, 0xB450, 0xA3CE, 0xB4B1, 0xD5D6, 0xDE78, 0xEF1B, 0xEF1B, 0xEF1B,
    0xE6FB, 0xE699, 0xD5D6, 0xA3EE, 0xAC0F, 0xAC2F, 0xA42F, 0xB490, 0xBCB1, 0xABEE, 0xA3AC, 0xA38C,
    0xA38C, 0xA38C, 0xB44F, 0xB4D1, 0xB4F2, 0xBD94, 0xBD74, 0xBD54, 0xBD74, 0xA4D3, 0x9CD4, 0x8C74,
    0x94B8, 0x73F8, 0x73D8, 0x6377, 0x5316, 0x52F6, 0x52F6, 0x52F6, 0x52F6, 0x52F6, 0x52F6, 0x52F6,
    0x52F6, 0x52F6, 0x52F6, 0x52F6, 0x52F6, 0x52F6, 0x52F6, 0x4AF6, 0x4AD6, 0x4AB5, 0x4AB5, 0x42B5,
    0x42B5, 0x4AD6, 0x52F6, 0x52F6, 0x52F6, 0x52F6, 0x52F6, 0x52F6, 0x4AD6, 0x8478, 0xFFFF, 0xFFFF,
    0xFFFF, 0xFFFF, 0xFFFF, 0x9CD3, 0x7BCF, 0x8410, 0x7BEF, 0x7BEF, 0x7BEF, 0x7BEF, 0x7BEF, 0x7BEF,
    0x7BEF, 0x8410, 0x52AA, 0xD67A, 0xFF9F, 0xFF9F, 0xD67A, 0xB5B6, 0x9492, 0xCE59, 0xFFFF, 0xFFFF,
    0xFFFF, 0xFFFF, 0xFFFF, 0xB596, 0xBDD7, 0xA514, 0x8430, 0xC618, 0xEF5D, 0xE73C, 0x4A49, 0x4228,
    0x39E7, 0x4208, 0x5AEB, 0x2124, 0x39E7, 0x31E8, 0x1082, 0x1081, 0x0861, 0x0841, 0x0841, 0x0000,
    0x0000, 0x0000, 0x1061, 0x8B2B, 0xABCD, 0xA38C, 0xA38C, 0xA38C, 0xA3AD, 0xA3CE, 0xA40E, 0xAC2F,
    0xB490, 0xDE58, 0xFFDF, 0xC618, 0xDEFB, 0xF7BE, 0xFFFF, 0xFFFF, 0xFFFF, 0xFFFF, 0xFFFF, 0xDE9A,
    0xA40F, 0xBCD1, 0xB490, 0xA40E, 0xB450, 0xAC0F, 0xABAD, 0xA38C, 0xA38C, 0xA38C, 0xA3AD, 0xB470,
    0xB491, 0xBD53, 0xBD74, 0xBD54, 0xB554, 0xA4D4, 0x9474, 0x9CD5, 0xA537, 0x94B7, 0x8457, 0x6397,
    0x5316, 0x52F6, 0x52F6, 0x52F6, 0x52F6, 0x52F6, 0x52F6, 0x52F6, 0x52F6, 0x52F6, 0x52F6, 0x52F6,
    0x52F6, 0x52F6, 0x52F6, 0x52F6, 0x52D6, 0x4AD6, 0x4AD5, 0x42B5, 0x42B5, 0x4AD5, 0x4AF6, 0x52F6,
    0x52F6, 0x52F6, 0x52F6, 0x5316, 0x6377, 0xBDFB, 0xFFFF, 0xFFFF, 0xFFFF, 0xFFFF, 0xC618, 0x73AE,
    0x8410, 0x7BEF, 0x7BEF, 0x7BEF, 0x7BEF, 0x7BEF, 0x7BEF, 0x7BEF, 0x8410, 0x738E, 0x632C, 0xFFBF,
    0xFF7E, 0xF75E, 0xFFBF, 0xFFFF, 0xFFFF, 0xFFFF, 0xFFFF, 0xFFFF, 0xFFFF, 0xFFFF, 0xFFFF, 0xE73C,
    0x52AA, 0x9492, 0xFFFF, 0xC638, 0x9492, 0xCE59, 0x7BCF, 0x4228, 0x39E7, 0x39E7, 0x5AEB, 0x39E7,
    0x2966, 0x2924, 0x1082, 0x0020, 0x0020, 0x0020, 0x0020, 0x0020, 0x0000, 0x0020, 0x0841, 0x7AEA,
    0xABCD, 0xA38C, 0xA38C, 0xA38C, 0xA3CE, 0xB44F, 0xBCB1, 0xBCF3, 0xF77D, 0xFFFF, 0xC617, 0xCE58,
    0xEF3C, 0xAD13, 0xAD13, 0xC617, 0xE71B, 0xFFFF, 0xFFFF, 0xFFFF, 0xB534, 0xB4D2, 0xC4D2, 0xAC30,
    0xAC0E, 0xB470, 0xABCD, 0xA3AC, 0xA38C, 0xA38C, 0xA38C, 0xAC0E, 0xAC70, 0xB512, 0xBD94, 0xBD54,
    0xAD33, 0xB575, 0xA4F5, 0x9CD5, 0x9CF6, 0xA516, 0xA516, 0x7C36, 0x6377, 0x5315, 0x52D6, 0x52F6,
    0x52F6, 0x52F6, 0x52F6, 0x52F6, 0x52F6, 0x52F6, 0x52F6, 0x52F6, 0x52F6, 0x52F6, 0x52F6, 0x52F6,
    0x52F6, 0x4AD6, 0x42B5, 0x42B5, 0x42B5, 0x42B5, 0x4AF6, 0x52F6, 0x52F6, 0x52F6, 0x52F6, 0x6397,
    0x94FA, 0xD6BD, 0xFFFF, 0xFFFF, 0xFFFF, 0xFFFF, 0xA534, 0x73AE, 0x8410, 0x7BEF, 0x7BEF, 0x7BEF,
    0x7BEF, 0x7BEF, 0x7BEF, 0x7BEF, 0x8430, 0x52AA, 0xB5B6, 0xFFFF, 0xFFBF, 0xFF9E, 0xFF7E, 0xFFDF,
    0xFFFF, 0xFFFF, 0xFFFF, 0xFFFF, 0xFFFF, 0xFFFF, 0xFFFF, 0xA534, 0x8C71, 0xFFFF, 0xFFFF, 0xFFFF,
    0xFFFF, 0xAD75, 0x52AA, 0x52AA, 0x4208, 0x39E7, 0x52AA, 0x52AA, 0x2965, 0x3A08, 0x2945, 0x0841,
    0x0841, 0x0020, 0x0841, 0x0861, 0x0020, 0x0841, 0x1082, 0x7AC9, 0xABCD, 0xA38C, 0xA38C, 0xA38C,
    0xB42F, 0xBCD2, 0xCDD6, 0xB554, 0xFFDF, 0xBD96, 0xCE38, 0xFFFF, 0xFFFF, 0xFFFF, 0xE71B, 0xBDB5,
    0xA4B2, 0x9CB2, 0xB554, 0xD699, 0xE73C, 0xAD54, 0xD5F6, 0xBC91, 0xA3EE, 0xAC0F, 0xABCD, 0xA3AC,
    0xA38C, 0xA38C, 0xA38C, 0xA3AC, 0xAC4F, 0xB4D1, 0xBD74, 0xB554, 0xB534, 0xBD95, 0xBD75, 0x9CB3,
    0x94B3, 0x94B5, 0x9CD5, 0x9CD6, 0x8479, 0x73F8, 0x52F6, 0x52F6, 0x52F6, 0x52F6, 0x52F6, 0x52F6,
    0x52F6, 0x52F6, 0x52F6, 0x52F6, 0x52F6, 0x52F6, 0x52F6, 0x52F6, 0x52F6, 0x4AF6, 0x42B5, 0x4295,
    0x42B5, 0x42B5, 0x4AD6, 0x52F6, 0x52F6, 0x52F6, 0x5316, 0x5B56, 0x73F8, 0x94D9, 0xEF7E, 0xFFFF,
    0xFFFF, 0xB596, 0x8410, 0x7BEF, 0x7BEF, 0x7BEF, 0x7BEF, 0x7BEF, 0x7BEF, 0x7BEF, 0x7BEF, 0x7BEF,
    0x7BEF, 0x6B6D, 0xF7BE, 0xFFFF, 0xFFFF, 0xFFFF, 0xFFFF, 0xFFFF, 0xFFFF, 0xFFFF, 0xFFFF, 0xFFFF,
    0xFFFF, 0xFFFF, 0xC618, 0x8C51, 0xFFFF, 0xC638, 0xB5B6, 0xFFFF, 0xE71C, 0xFFFF, 0x5AEB, 0x52AA,
    0x4A49, 0x39C7, 0x4A49, 0x632C, 0x31A6, 0x39E7, 0x4208, 0x18C3, 0x0861, 0x0861, 0x0841, 0x0861,
    0x0000, 0x0841, 0x1082, 0x7ACA, 0xABCD, 0xA38C, 0xA38C, 0xA3AC, 0xB450, 0xDE78, 0xD6BA, 0xBDF7,
    0xB575, 0xD679, 0xFFFF, 0xFFFF, 0xFFFF, 0xFFFF, 0xFFFF, 0xFFFF, 0xFFFF, 0xCE38, 0xA4B2, 0x7B8D,
    0xA4D2, 0xC638, 0xA4B2, 0xB491, 0xBC91, 0xA3CE, 0xA3CD, 0xABCD, 0xA3AC, 0xA38C, 0xA38C, 0xA38C,
    0xAC0E, 0xAC70, 0xB513, 0xBD94, 0xB574, 0xB554, 0xAD33, 0xA4F4, 0xA4F3, 0x9CD3, 0x9CB3, 0x9CB3,
    0x9CF6, 0x9D19, 0x6BD7, 0x5336, 0x5316, 0x52F6, 0x52F6, 0x52F6, 0x52F6, 0x52F6, 0x52F6, 0x52F6,
    0x52F6, 0x52F6, 0x52F6, 0x52F6, 0x52F6, 0x4AF6, 0x4AF6, 0x4AD6, 0x42B5, 0x42B5, 0x4AB5, 0x4AD6,
    0x52F6, 0x52F6, 0x52F6, 0x5316, 0x5B56, 0x7C18, 0xF7BF, 0xFFFF, 0xDEDB, 0x7BCF, 0x7BEF, 0x7BEF,
    0x7BEF, 0x7BEF, 0x7BEF, 0x7BEF, 0x7BEF, 0x7BEF, 0x7BEF, 0x8430, 0x7BEF, 0xA534, 0xFFFF, 0xFFFF,
    0xFFFF, 0xFFFF, 0xFFFF, 0xFFFF, 0xFFFF, 0xFFFF, 0xFFFF, 0xFFFF, 0xFFFF, 0xE73C, 0x8410, 0xFFDF,
    0xFFFF, 0x632C, 0x630C, 0x9492, 0xA514, 0xFFFF, 0xB5B6, 0x4A49, 0x528A, 0x39C7, 0x4208, 0x630C,
    0x4208, 0x5AEB, 0x39E7, 0x10A2, 0x0861, 0x0861, 0x0861, 0x0841, 0x0000, 0x0020, 0x0820, 0x72A9,
    0xABCD, 0xA38C, 0xA3AC, 0xA3AC, 0xC4F3, 0xFFDF, 0x9CB2, 0xAD54, 0xEF9D, 0xFFFF, 0xFFFF, 0xFFFF,
    0xFFFF, 0xFFFF, 0xFFFF, 0xF79D, 0xBD96, 0xBDB6, 0xC5D6, 0xCE38, 0xC5D7, 0x9430, 0xA4D2, 0xDE58,
    0xBCD2, 0xB470, 0xA3AD, 0xABCD, 0xA3AD, 0xA38C, 0xA38C, 0xA38C, 0xA3CD, 0xB470, 0xB4D2, 0xB553,
    0xBD75, 0xBDB5, 0xB554, 0xA4F3, 0x9CD3, 0xA4D3, 0xA4F4, 0x9CD4, 0x9C93, 0x9C93, 0x8C55, 0x6BB6,
    0x5B56, 0x5336, 0x5B36, 0x5B56, 0x5336, 0x52F6, 0x52F6, 0x52F6, 0x52F6, 0x52F6, 0x52F6, 0x52F6,
    0x52F6, 0x52F6, 0x4AF6, 0x4AD6, 0x42B5, 0x42B5, 0x42B5, 0x42B5, 0x4AB6, 0x4AF6, 0x52F6, 0x5B57,
    0x6BB7, 0x8CBA, 0xC65B, 0xFFDF, 0xDEFB, 0x8410, 0x7BEF, 0x7BEF, 0x7BEF, 0x7BEF, 0x7BEF, 0x7BEF,
    0x7BEF, 0x8410, 0x7BCF, 0x9492, 0x738E, 0xE71C, 0xFFFF, 0xFFFF, 0xFFFF, 0xFFFF, 0xFFFF, 0xFFFF,
    0xFFFF, 0xFFFF, 0xFFFF, 0xFFFF, 0xFFFF, 0xB5B6, 0xBDF7, 0xFFFF, 0xFFDF, 0xEF7D, 0xE73C, 0x94B2,
    0x7BEF, 0xB5B6, 0xD69A, 0x4228, 0x632C, 0x39C7, 0x39E7, 0x4228, 0x2965, 0x6B6D, 0x31A6, 0x0841,
    0x1082, 0x0861, 0x0841, 0x0841, 0x0020, 0x0020, 0x0841, 0x8B0B, 0xABAD, 0xA38C, 0xA38C, 0xABEE,
    0xC554, 0xB595, 0xA4F3, 0xD679, 0xCE58, 0xCE38, 0xCE38, 0xEF5D, 0xFFFF, 0xFFFF, 0xFFFF, 0xC618,
    0xDEBA, 0xC617, 0x9CB2, 0x9430, 0xCE59, 0xB595, 0xCE79, 0x9450, 0xC553, 0xBC91, 0xB42F, 0xA38D,
    0xABCD, 0xA38C, 0xA38C, 0xA38C, 0xA3AC, 0xB44F, 0xBD12, 0xC595, 0xB533, 0xB554, 0xBD95, 0xB575,
    0xAD34, 0xA4F3, 0xACF3, 0xAD34, 0xAD54, 0xA514, 0x9CB3, 0x8C53, 0x7C15, 0x73D7, 0x6377, 0x5B56,
    0x5B36, 0x52F6, 0x52F6, 0x52F6, 0x52F6, 0x52F6, 0x52F6, 0x52F6, 0x52F6, 0x52F6, 0x4AF6, 0x4AD6,
    0x42B5, 0x42B5, 0x42B5, 0x42B5, 0x42B5, 0x4AD6, 0x52F6, 0x5B36, 0x5B76, 0x8CBA, 0x9D3A, 0xE73E,
    0xFFFF, 0xA534, 0x7BCF, 0x8410, 0x7BEF, 0x7BEF, 0x7BEF, 0x7BEF, 0x7BEF, 0x7BEF, 0x8C51, 0x73AE,
    0x7BEF, 0xFFFF, 0xFFFF, 0xFFFF, 0xFFFF, 0xFFFF, 0xB596, 0xCE79, 0xFFFF, 0xFFFF, 0xFFFF, 0xFFFF,
    0xFFFF, 0xB596, 0xCE59, 0xFFFF, 0xFFFF, 0xFFFF, 0xFFFF, 0xFFFF, 0xC618, 0x6B4D, 0x9492, 0x4A49,
    0x4A49, 0x4208, 0x39E7, 0x4208, 0x2945, 0x4228, 0x2945, 0x10A2, 0x1082, 0x0020, 0x0861, 0x18C3,
    0x18E3, 0x0861, 0x5A49, 0xABCD, 0xA3AC, 0xA3AC, 0xA3AC, 0x9BAD, 0x9BCE, 0x8BEE, 0xBD96, 0xD679,
    0xC5F7, 0xCE18, 0xD679, 0xB554, 0xE73C, 0xEF5C, 0xF77D, 0xC5F7, 0xEF7D, 0xC617, 0x6ACA, 0x6AEB,
    0xCE17, 0xCE59, 0xE71C, 0xA4D2, 0xCD94, 0xBCB1, 0xB470, 0xA3CE, 0xABEE, 0xA3AD, 0xA38C, 0xA38C,
    0xA38C, 0xAC2F, 0xB4D1, 0xC594, 0xBD95, 0xAD34, 0xB554, 0xB554, 0xB554, 0xAD33, 0xAD13, 0xAD12,
    0xAD33, 0xAD34, 0xA4D4, 0xA4D4, 0x9CB4, 0x8C56, 0x8436, 0x6B97, 0x5B57, 0x5B56, 0x5316, 0x52F6,
    0x52F6, 0x52F6, 0x52F6, 0x52F6, 0x52F6, 0x52F6, 0x4AF6, 0x4AD6, 0x4AB5, 0x42B5, 0x42B5, 0x42B5,
    0x42B5, 0x4AD6, 0x52F6, 0x52F6, 0x5B36, 0x8C98, 0xCE7C, 0xF7DF, 0xFFFF, 0xA514, 0x7BCF, 0x8410,
    0x7BEF, 0x7BEF, 0x7BEF, 0x7BEF, 0x7BEF, 0x8410, 0x73AE, 0x4A49, 0xCE79, 0xFFFF, 0xFFFF, 0xFFFF,
    0xFFFF, 0xFFFF, 0x8C71, 0xEF7D, 0xFFFF, 0xFFFF, 0xFFFF, 0xFFFF, 0xFFFF, 0xD69A, 0x9CF3, 0xFFFF,
    0xFFFF, 0xFFFF, 0xFFDF, 0xFFDF, 0xFFDF, 0x7BCF, 0x5AEB, 0xF7BE, 0x9CD3, 0x2104, 0x4228, 0x39E7,
    0x39C7, 0x2945, 0x1082, 0x0861, 0x0020, 0x0020, 0x2104, 0x2104, 0x0841, 0x5ACB, 0xC533, 0xABCD,
    0xA3AC, 0xA38C, 0xA3AD, 0xA3EE, 0x9BCE, 0x9C30, 0xC5F7, 0xFFFF, 0xCE59, 0x9450, 0x83CE, 0xB554,
    0xB554, 0xC617, 0xE73C, 0xE71B, 0xBDB6, 0xFFDF, 0x8C0F, 0x83AD, 0xDEBA, 0xC5F6, 0xFFDF, 0xC617,
    0xA491, 0xC4F3, 0xB450, 0xABEE, 0xA3CD, 0xA3AD, 0xA38C, 0xA38C, 0xA38C, 0xA3EE, 0xAC70, 0xB4F2,
    0xBD94, 0xBD95, 0xBD95, 0xBD75, 0xBD95, 0xB554, 0xAD33, 0xAD33, 0xAD13, 0xACF2, 0xA4D2, 0xA4B2,
    0xA4D3, 0x9493, 0x8C53, 0x8C74, 0x7417, 0x73D8, 0x6376, 0x5316, 0x52F6, 0x52F6, 0x52F6, 0x52F6,
    0x52F6, 0x52F6, 0x52F6, 0x4AF6, 0x4AD6, 0x42B5, 0x42B5, 0x42B5, 0x4295, 0x4AD6, 0x5B36, 0x6377,
    0x94D9, 0xEF7E, 0xFFFF, 0xFFFF, 0xFFFF, 0xB5B6, 0x6B6D, 0x7BCF, 0x7BEF, 0x8410, 0x8410, 0x8430,
    0x8410, 0x6B4D, 0x8410, 0xDEFB, 0xFFFF, 0xFFFF, 0xFFFF, 0xFFFF, 0xFFFF, 0xFFFF, 0x9CF3, 0xDEDB,
    0xFFFF, 0xFFFF, 0xFFFF, 0xFFFF, 0xFFFF, 0xFFFF, 0x94B2, 0xAD75, 0xE73C, 0xFFDF, 0xFFFF, 0xFFFF,
    0xAD75, 0x630C, 0xAD75, 0x9CD3, 0xCE79, 0x738E, 0x2124, 0x4228, 0x4A49, 0x18E3, 0x0861, 0x0020,
    0x0020, 0x18C3, 0x18C3, 0x0000, 0x52AA, 0xDEDA, 0xBCF2, 0xABAD, 0xA3AC, 0xA38C, 0xAC0E, 0xAC2F,
    0xB470, 0xD638, 0x9C91, 0xFFFF, 0xBDB6, 0x8C0F, 0x6AEA, 0xCE38, 0xCE38, 0xFFFF, 0xFFFF, 0xFFFF,
    0xC5D7, 0xB595, 0x9CB2, 0xB554, 0xCE58, 0xBDD6, 0xFFFF, 0xE6FB, 0x8BEF, 0xBCB2, 0xB450, 0xAC0E,
    0xA3AD, 0xA3AC, 0xA38C, 0xA38C, 0xA38C, 0xA3CE, 0xAC70, 0xB4D1, 0xBD95, 0xBD95, 0xBD96, 0xBD95,
    0xBD95, 0xBD95, 0xB554, 0xAD13, 0xB513, 0xAD13, 0xAD33, 0xA4F2, 0xA4D3, 0x9CD3, 0x9493, 0x9492,
    0x8434, 0x7418, 0x6BD7, 0x5316, 0x52F6, 0x52F6, 0x52F6, 0x52F6, 0x52F6, 0x52F6, 0x52F6, 0x4AF6,
    0x4AD6, 0x42B5, 0x42B5, 0x4AD6, 0x4AF6, 0x52F6, 0x8479, 0x9D1A, 0xD6BD, 0xFFFF, 0xFFFF, 0xFFFF,
    0xFFFF, 0xF7BE, 0xC638, 0xAD55, 0x8410, 0x8410, 0x8410, 0x6B6D, 0x632C, 0xAD55, 0xF7BE, 0xC638,
    0xAD75, 0xFFFF, 0xFFFF, 0xFFFF, 0xFFFF, 0xFFFF, 0xE71C, 0x8430, 0xC618, 0xD6BA, 0xEF5D, 0xFFFF,
    0xFFFF, 0xFFFF, 0xFFFF, 0xAD75, 0x9CD3, 0x9CD3, 0x94B2, 0x9492, 0xAD75, 0xF79E, 0xFFFF, 0xE73C,
    0x9CD3, 0x9492, 0x528A, 0x2965, 0x4228, 0x2104, 0x2945, 0x31A6, 0x2945, 0x2145, 0x18E3, 0x6B4C,
    0xE6BA, 0xE6BA, 0xBCF2, 0xABAD, 0xA3AD, 0xA38C, 0xA3CD, 0x9B6C, 0xBCF2, 0xD5D5, 0x838D, 0xE6FB,
    0xE71B, 0x83AE, 0xA4D2, 0xE73C, 0xC617, 0xFFFF, 0xFFFF, 0xFFFF, 0xFFFF, 0xEF5D, 0xEF7D, 0xC5F7,
    0xC5F7, 0xF79E, 0xFFFF, 0xF7BE, 0x9450, 0x9BEE, 0xB42F, 0xB40F, 0xA3AD, 0xA38C, 0xA38C, 0xA38C,
    0xA38C, 0xA3CD, 0xB490, 0xB4D1, 0xC5B5, 0xCDD6, 0xCDD6, 0xCE17, 0xCE38, 0xCE38, 0xBD95, 0xB534,
    0xB533, 0xB513, 0xAD13, 0xAD33, 0xAD54, 0x9CD2, 0x9CB2, 0x9C93, 0x8C54, 0x6396, 0x6BB8, 0x5B57,
    0x52F6, 0x52F6, 0x52F6, 0x52F6, 0x52F6, 0x52F6, 0x52F6, 0x52F6, 0x4AF6, 0x4AD6, 0x4AD6, 0x4AD6,
    0x52F6, 0x5316, 0x73F8, 0xBE3B, 0xF7BE, 0xFFFF, 0xFFFF, 0xFFFF, 0xFFFF, 0xFFFF, 0xE71C, 0xA534,
    0x5AEB, 0x4228, 0x4A49, 0x630C, 0x7BCF, 0x8430, 0x8430, 0x528A, 0x8430, 0xFFFF, 0xFFFF, 0xFFDF,
    0xD69A, 0xFFFF, 0xFFFF, 0xEF7D, 0xAD75, 0x9CD3, 0xDEDB, 0xFFFF, 0xFFFF, 0xFFFF, 0xFFFF, 0xFFFF,
    0xFF9F, 0xF75D, 0xEF5D, 0xDEFB, 0xF79E, 0xFFFF, 0xFFFF, 0xFFFF, 0xFFFF, 0xAD55, 0x4208, 0x2124,
    0x2945, 0x3186, 0x39E7, 0x3186, 0x1082, 0x2103, 0x39A6, 0xBD95, 0xEEFB, 0xDEB9, 0xC554, 0xABEE,
    0xABEE, 0xA3AC, 0xABCE, 0xA3EE, 0xC512, 0xC554, 0xBD75, 0xBDD7, 0xCE59, 0xCE18, 0xD699, 0xBDB6,
    0xDEFB, 0xFFFF, 0xFFFF, 0xE73C, 0xFFDF, 0xFFFF, 0xFFFF, 0xFFFF, 0xFFFF, 0xFF9E, 0xFF7E, 0xFFDF,
    0x9CB2, 0x9C0F, 0xA3ED, 0xB40F, 0xA3AD, 0xA38C, 0xA38C, 0xA38C, 0xA38C, 0xA3AD, 0xB490, 0xB4B1,
    0xC574, 0xCDF6, 0xCDD6, 0xCDD6, 0xD638, 0xD679, 0xCDF7, 0xB575, 0xB595, 0xB575, 0xB575, 0xB575,
    0xBD95, 0xAD34, 0xA4D3, 0x9C93, 0x9493, 0x8C54, 0x7BD4, 0x63B7, 0x5B56, 0x5316, 0x52F6, 0x52F6,
    0x52F6, 0x52F6, 0x52F6, 0x52F6, 0x4AF6, 0x4AD6, 0x4AD6, 0x4AD6, 0x4AD6, 0x5336, 0x6BB7, 0x94D9,
    0xA57B, 0xC63B, 0xFFDF, 0xFFFF, 0xFFFF, 0xEF7D, 0x8410, 0x73AE, 0x73AE, 0x632C, 0x4A69, 0x4A69,
    0x4A49, 0x4A49, 0x4A69, 0x39E7, 0x39C7, 0xC618, 0xFFFF, 0xFFFF, 0x9CD3, 0x9492, 0xFFFF, 0xFFFF,
    0xFFFF, 0xFFFF, 0xFFFF, 0xFFFF, 0xFFFF, 0xFFFF, 0xFFBE, 0xFF5D, 0xFF7E, 0xFF7E, 0xFF9F, 0xFFFF,
    0xFFFF, 0xFFFF, 0xFFFF, 0xFFFF, 0xFFFF, 0xFFFF, 0xAD55, 0x528A, 0x2965, 0x0020, 0x2945, 0x31A6,
    0x2104, 0x39E7, 0x6B2C, 0xDE99, 0xDEB9, 0xE6DA, 0xCDD5, 0xAC0F, 0xAC0E, 0xA3AD, 0xABEE, 0xAC0F,
    0xC4F2, 0xBD33, 0xCDF7, 0xFFDF, 0xC5F7, 0xC617, 0xC617, 0xE73C, 0xFFFF, 0xFFFF, 0xD679, 0xAD34,
    0xFFFF, 0xFFFF, 0xFFFF, 0xFFDF, 0xFF5E, 0xFF5E, 0xFF5E, 0xFFDF, 0xB595, 0xBD13, 0x9BCD, 0xAC0F,
    0xA3CD, 0xA38C, 0xA38C, 0xA38C, 0xA3AC, 0xA3AD, 0xB470, 0xB4B1, 0xBD33, 0xCDF6, 0xCDD6, 0xCDD6,
    0xCDF6, 0xD658, 0xD658, 0xC5F7, 0xBDD6, 0xBDB6, 0xBD95, 0xBD95, 0xBD95, 0xBD95, 0xB575, 0xACF3,
    0x9C92, 0x9C93, 0x9C93, 0x8414, 0x6376, 0x5B57, 0x5316, 0x52F6, 0x52F6, 0x52F6, 0x52F6, 0x52F6,
    0x52F6, 0x4AF6, 0x4AD6, 0x4AD6, 0x4AD6, 0x4AF6, 0x6BD7, 0x94DA, 0xA55B, 0x94FA, 0xE73E, 0xFFFF,
    0xFFFF, 0xDEFB, 0x7BEF, 0x73AE, 0x39E7, 0x2945, 0x2965, 0x39E7, 0x39E7, 0x39E7, 0x39E7, 0x4208,
    0x2124, 0x6B4D, 0xEF7D, 0xFFFF, 0xFFFF, 0xAD55, 0x8430, 0xE71C, 0xFFFF, 0xFFFF, 0xFFDF, 0xFFFF,
    0xFFFF, 0xFFFF, 0xFFFF, 0xFF7E, 0xFF5E, 0xFF7E, 0xFF5E, 0xFF9E, 0xFFFF, 0xFFFF, 0xFFFF, 0xFFFF,
    0xFFFF, 0xFFFF, 0xFFFF, 0x7BCF, 0x6B4D, 0xB596, 0xCE79, 0xAD55, 0x528A, 0x83EF, 0xDEB9, 0xE6DA,
    0xDEB9, 0xE6DA, 0xD657, 0xAC50, 0xAC0E, 0xA3AD, 0xABCD, 0xAC0F, 0xBCF2, 0xBD33, 0xCDF6, 0xFFFF,
    0xFFFF, 0xFFFF, 0xFFFF, 0xFFFF, 0xFFFF, 0xFFFF, 0xA513, 0xF7BE, 0xFFFF, 0xFFFF, 0xFFFF, 0xFFFF,
    0xFFDF, 0xFFBE, 0xFFBE, 0xFFFF, 0xBDB6, 0xB513, 0xA40F, 0xAC2F, 0xABEE, 0xA38C, 0xA3AC, 0xA38C,
    0xA3AC, 0xA3AD, 0xB490, 0xBCD1, 0xBD13, 0xCDF6, 0xCDD6, 0xCDD6, 0xCDD6, 0xCDD6, 0xCDF7, 0xD658,
    0xD658, 0xD658, 0xC5D6, 0xB575, 0xB575, 0xBD95, 0xBD95, 0xBD95, 0xA4F4, 0x9CB2, 0x9CB2, 0x9CD5,
    0x7C14, 0x6BB6, 0x6BD7, 0x5B36, 0x52F6, 0x52F6, 0x52F6, 0x52F6, 0x52F6, 0x4AF6, 0x4AD6, 0x4AD6,
    0x4AD6, 0x4AF5, 0x7418, 0xA57B, 0xA55A, 0xBE1B, 0xF7DF, 0xFFFF, 0xFFFF, 0xFFDF, 0x7BEF, 0x2965,
    0x18E3, 0x18E3, 0x2124, 0x4208, 0x39E7, 0x39E7, 0x4208, 0x4208, 0x2965, 0x52AA, 0xF79E, 0xFFFF,
    0xFFFF, 0xFFFF, 0xDEDB, 0x8430, 0xAD75, 0xFFDF, 0xFFFF, 0xFFFF, 0xFFFF, 0xFFFF, 0xFFFF, 0xFFFF,
    0xFF7E, 0xFF7E, 0xFF7E, 0xFFDF, 0xFFFF, 0xFFFF, 0xFFFF, 0xFFFF, 0xEF7D, 0xA534, 0x5AEB, 0xA534,
    0xFFFF, 0xFFFF, 0xFFFF, 0xFFFF, 0xBDB6, 0xA4F2, 0xEF1B, 0xDEB9, 0xDEB9, 0xE6BA, 0xE6B9, 0xBCD2,
    0xABEE, 0xA3CD, 0xA3AD, 0xABEE, 0xBCB1, 0xBD12, 0xC5D6, 0xFFBF, 0xF75E, 0xFF7E, 0xFFBE, 0xFFFF,
    0xFFFF, 0xFFFF, 0xBDD6, 0xD6BA, 0xFFFF, 0xFFFF, 0xFFFF, 0xFFFF, 0xFFFF, 0xFFFF, 0xFFFF, 0xFFDF,
    0x9470, 0x8BAE, 0xB4B1, 0xAC50, 0xA3EE, 0xA38C, 0xA3AC, 0xA38C, 0xA3AC, 0xA3AD, 0xBCB1, 0xC513,
    0xC574, 0xDE99, 0xDE99, 0xDE99, 0xDE79, 0xCDD6, 0xCDB6, 0xCDF7, 0xD678, 0xD678, 0xD658, 0xC5F7,
    0xBDD6, 0xBDB5, 0xBD95, 0xBD95, 0xBD95, 0xAD34, 0xA513, 0xA4F5, 0x9495, 0x8434, 0x7C14, 0x7C18,
    0x6BB7, 0x52F6, 0x52F6, 0x52F6, 0x52F6, 0x52F6, 0x4AF6, 0x4AD5, 0x4AD5, 0x4AF6, 0x5B77, 0x7418,
    0x94DA, 0xCE9C, 0xFFFF, 0xFFFF, 0xFFFF, 0xBDF7, 0x738E, 0x3186, 0x18E3, 0x18E3, 0x2104, 0x39E7,
    0x4208, 0x4208, 0x39E7, 0x39E7, 0x52AA, 0x528A, 0xEF5D, 0xFFFF, 0xFFFF, 0xFFFF, 0xFFFF, 0xFFFF,
    0xAD75, 0x8430, 0xBDD7, 0xF79E, 0xFFFF, 0xFFFF, 0xFFFF, 0xFFFF, 0xFFDF, 0xFFBF, 0xFFDF, 0xFFFF,
    0xFFFF, 0xFFFF, 0xB5B6, 0x9492, 0x9CF3, 0xBDD7, 0xFFDF, 0xFFFF, 0xFFFF, 0xFFFF, 0xEF5D, 0xAD55,
    0x9491, 0xDE99, 0xDEBA, 0xDEB9, 0xDEB9, 0xDEBA, 0xE6DA, 0xC554, 0xAC0E, 0xABCE, 0xA3AD, 0xA3AD,
    0xB471, 0xB491, 0xC5B5, 0xFFBF, 0xF75E, 0xFF5E, 0xFF9E, 0xFFFF, 0xFFFF, 0xFFFF, 0xF7BE, 0xE71C,
    0xFFFF, 0xFFFF, 0xFFFF, 0xFFFF, 0xFFFF, 0xFFFF, 0xFFFF, 0xB5B6, 0xCE38, 0xA491, 0xBD13, 0xAC70,
    0xA3AD, 0xA3AC, 0xA3AC, 0xA38C, 0xA3AC, 0xA3CD, 0xBCD1, 0xC513, 0xC554, 0xE6B9, 0xE6BA, 0xE6BA,
    0xE6DA, 0xD658, 0xCDD6, 0xCDD6, 0xCE17, 0xD638, 0xD658, 0xD678, 0xD679, 0xCE58, 0xBD95, 0xBD95,
    0xBD95, 0xBD95, 0xBD95, 0xA4F5, 0x9CD4, 0x9495, 0x8434, 0x6BB6, 0x6BB8, 0x5336, 0x52F6, 0x52F6,
    0x52F6, 0x52F6, 0x4AF6, 0x4AD6, 0x4AF6, 0x4B16, 0x5336, 0x5336, 0x73D7, 0x951A, 0xCE9C, 0xFFFF,
    0xC638, 0x738E, 0x7BEF, 0x528A, 0x2965, 0x2945, 0x18E3, 0x2945, 0x3186, 0x31A6, 0x4208, 0x4208,
    0x4A49, 0x31A6, 0x8C71, 0xFFFF, 0xFFFF, 0xFFFF, 0xFFFF, 0xFFFF, 0xFFFF, 0xEF5D, 0xA534, 0x73AE,
    0x8410, 0xC618, 0xFFFF, 0xFFFF, 0xFFFF, 0xFFFF, 0xF7BE, 0xE71C, 0x9CD3, 0x39E7, 0x528A, 0x6B4D,
    0xB596, 0xBDF7, 0xB5B6, 0xA514, 0x94B2, 0x8410, 0x8C71, 0xB575, 0xDE99, 0xE6DA, 0xDEB9, 0xDEB9,
    0xDEB9, 0xDEB9, 0xE6DA, 0xD617, 0xAC2F, 0xABEE, 0xA3AC, 0xA38C, 0xBC91, 0xA3EE, 0xBD33, 0xFFFF,
    0xFFDF, 0xFFBF, 0xFFFF, 0xFFFF, 0xFFFF, 0xFFFF, 0xFFFF, 0xFFFF, 0xFFFF, 0xE73C, 0xF79E, 0xFFFF,
    0xFFFF, 0xF7BE, 0xAD34, 0xD6BA, 0xFFDF, 0xAD13, 0xBD33, 0xB470, 0xA3AD, 0xA3AC, 0xA3AC, 0xA38C,
    0xA3AC, 0xA3CD, 0xBCD2, 0xC513, 0xC554, 0xE699, 0xE6BA, 0xDEB9, 0xDE99, 0xCDF6, 0xCDD6, 0xCDD6,
    0xCDD6, 0xCDD6, 0xCE38, 0xD658, 0xD658, 0xD679, 0xCE17, 0xBD95, 0xBD95, 0xBD95, 0xBD95, 0xB576,
    0xA515, 0x9CB3, 0x8C55, 0x6BB6, 0x5B36, 0x5B76, 0x5336, 0x52F6, 0x52F6, 0x52F6, 0x52F6, 0x4AF6,
    0x5316, 0x5316, 0x5B36, 0x5B56, 0x6B97, 0x8CD9, 0xB5BA, 0xFFDF, 0xEF5D, 0xA514, 0x7BEF, 0x7BEF,
    0x630C, 0x3186, 0x18E3, 0x18E3, 0x18E3, 0x18E3, 0x2124, 0x39C7, 0x39E7, 0x39E7, 0x2124, 0xD6BA,
    0xFFFF, 0xFFFF, 0xFFFF, 0xFFFF, 0xFFFF, 0xFFFF, 0xFFFF, 0xFFFF, 0xBDD7, 0x7BCF, 0xAD55, 0xB5B6,
    0xA534, 0x9CD3, 0x9CF3, 0x7BCF, 0x2104, 0xAD55, 0x9CD3, 0x39E7, 0x6B4D, 0x9CF3, 0x4A49, 0x39C7,
    0x0000, 0x736D, 0xF75C, 0xEEFB, 0xE6BA, 0xDEB9, 0xDEB9, 0xDEB9, 0xDEB9, 0xDEB9, 0xDEB9, 0xDEB9,
    0xB4D1, 0xABEE, 0xA3AD, 0xA38C, 0xB42F, 0xB470, 0x8B8D, 0xBDD6, 0xFFDE, 0xFFFF, 0xFFFF, 0xFFFF,
    0xFFFF, 0xFFFF, 0xEF5D, 0xAD34, 0xA4F3, 0xAD55, 0xF77D, 0xFFFF, 0xEF7D, 0xA4D2, 0xD69A, 0xFFFF,
    0xEF5D, 0x9C91, 0xBD13, 0xBCD2, 0xABCE, 0xABCD, 0xABCD, 0xA3AC, 0xA3AC, 0xA3CD, 0xBCF2, 0xC533,
    0xC574, 0xDEB9, 0xDEBA, 0xDED9, 0xD637, 0xCDB6, 0xCDD6, 0xCDD6, 0xCDD6, 0xCDD6, 0xCDD6, 0xCDD6,
    0xCDF6, 0xCE17, 0xD679, 0xBDD6, 0xB595, 0xBD95, 0xBD95, 0xBDB5, 0xB575, 0xA4D3, 0x8C54, 0x7418,
    0x6377, 0x5316, 0x5B77, 0x5B57, 0x5316, 0x52F6, 0x52F6, 0x4AD6, 0x4AD6, 0x4AD6, 0x4AD6, 0x5316,
    0x8CB9, 0xCEBC, 0xF7BE, 0xFFFF, 0xFFFF, 0xDEFB, 0x7BCF, 0x8410, 0x8410, 0x4A49, 0x18E3, 0x18E3,
    0x2104, 0x18E3, 0x18E3, 0x2104, 0x39E7, 0x4228, 0x3186, 0x6B6D, 0xFFFF, 0xFFFF, 0xFFFF, 0xFFFF,
    0xFFFF, 0xFFFF, 0xB5B6, 0xEF7D, 0xFFFF, 0xFFFF, 0xEF7D, 0xBDF7, 0xCE59, 0xEF5D, 0xC638, 0x7BEF,
    0xE73C, 0x8430, 0x2124, 0x0861, 0x6B4D, 0x9CF3, 0xB5B6, 0x4A69, 0x73AE, 0xDEBA, 0xDEB9, 0xDE99,
    0xDEB9, 0xDEB9, 0xDEB9, 0xDEB9, 0xDEB9, 0xDEB9, 0xDEB9, 0xE6DA, 0xCDD6, 0xAC0F, 0xA3CD, 0xA38C,
    0xABCD, 0xABEE, 0xA40F, 0xBDB6, 0xAD14, 0xD69A, 0xFFFF, 0xFFFF, 0xFFFF, 0xFFFF, 0xFFDE, 0xE71B,
    0xEF7D, 0xFFFF, 0xFFFF, 0xE71C, 0x9471, 0xDEDA, 0xFFFF, 0xFFFF, 0xEF5C, 0x940F, 0xB4B1, 0xC554,
    0xA3EE, 0xABCE, 0xABCE, 0xA38C, 0xA38C, 0xABCE, 0xBCF2, 0xC512, 0xC574, 0xE6BA, 0xDEB9, 0xE6D9,
    0xD658, 0xCDB6, 0xCDD6, 0xCDD6, 0xCDD6, 0xCDD6, 0xCDD6, 0xCDD6, 0xCDD6, 0xCDB6, 0xCE37, 0xCE58,
    0xC5D6, 0xBDB5, 0xBD95, 0xB554, 0xA4F4, 0x9CD3, 0x9CB3, 0x8C74, 0x7C16, 0x5B15, 0x5336, 0x5B57,
    0x5316, 0x52F6, 0x52F6, 0x4AD6, 0x4AD6, 0x4AD6, 0x4AD6, 0x4AF6, 0x8CB9, 0xBE3C, 0xE71D, 0xFFDF,
    0xFFFF, 0xA534, 0x7BCF, 0x8410, 0x7BEF, 0x8410, 0x4208, 0x18E3, 0x18E3, 0x18E3, 0x2104, 0x18E3,
    0x2104, 0x2124, 0x2965, 0x39C7, 0xAD55, 0xFFFF, 0xFFDF, 0xFFFF, 0xFFFF, 0xFFFF, 0xC638, 0x738E,
    0xDEDB, 0xFFFF, 0xFFFF, 0xFFFF, 0xFFFF, 0xCE59, 0x8410, 0xFFDF, 0xD6BA, 0x5AEB, 0x738E, 0xCE59,
    0xEF5D, 0xEF7D, 0x6B4D, 0x7BCF, 0xF79D, 0xE6DA, 0xDEB9, 0xDEB9, 0xDEB9, 0xDEB9, 0xDEB9, 0xDEB9,
    0xDEB9, 0xDEB9, 0xDEB9, 0xDEBA, 0xE6B9, 0xBCB2, 0xA3AD, 0xA3AC, 0xA38C, 0xA38C, 0x9B6C, 0xE679,
    0xF7BE, 0xB554, 0xA4F2, 0xEF5D, 0xFFDF, 0xFFFF, 0xFFFF, 0xFFFF, 0xFFFF, 0xFFFF, 0xDEBA, 0x9430,
    0xE71C, 0xFFFF, 0xFFFF, 0xFFFF, 0xEF5C, 0x9430, 0xAC70, 0xCD95, 0xAC30, 0xA3AD, 0xABEE, 0xA38C,
    0xA38C, 0xABEE, 0xC533, 0xBCF2, 0xCD94, 0xDEB9, 0xDE99, 0xE6B9, 0xDE99, 0xD637, 0xCDD6, 0xCDD6,
    0xCDD6, 0xCDD6, 0xCDD6, 0xCDD6, 0xCDD6, 0xCDD6, 0xCDD6, 0xCDF7, 0xCDF7, 0xC5B5, 0xBD94, 0xAD14,
    0x9CD3, 0xA4F3, 0xA4F4, 0xA4F4, 0xA4F4, 0x8C56, 0x5315, 0x5B56, 0x5B37, 0x52F6, 0x52F6, 0x4AD6,
    0x4AD6, 0x4AD6, 0x4AD6, 0x4AF6, 0x6377, 0x6BD7, 0x94D9, 0xCE7C, 0xFFFF, 0xA534, 0x738E, 0x7BEF,
    0x7BEF, 0x8410, 0x528A, 0x2124, 0x18E3, 0x18E3, 0x18E3, 0x18E3, 0x18E3, 0x18E3, 0x18C3, 0x3186,
    0x4228, 0xC618, 0xFFFF, 0xFFFF, 0xFFFF, 0xFFFF, 0xFFFF, 0xDEDB, 0x7BCF, 0xC618, 0xFFFF, 0xFFFF,
    0xC638, 0x8410, 0xFFFF, 0xDEFB, 0x73AE, 0x8410, 0xBDD7, 0xFFFF, 0xFFFF, 0x9CD3, 0xB5B6, 0xFFFF,
    0xDE99, 0xDE99, 0xDEB9, 0xDE99, 0xDEB9, 0xDEB9, 0xDEB9, 0xE6B9, 0xE6DA, 0xE6DA, 0xE6DA, 0xE6DA,
    0xEF1B, 0xD5F6, 0xABCD, 0xA3AD, 0xA38C, 0xA3AC, 0x9B6C, 0xB4F2, 0xFF9D, 0xFFFF, 0xC5F7, 0x8C10,
    0xB596, 0xBDD6, 0xDEBA, 0xEF5C, 0xF79D, 0xD69A, 0x9C70, 0xEF5C, 0xFFFF, 0xFFFF, 0xFFFF, 0xFFFF,
    0xEF7D, 0x9C70, 0xA44F, 0xD5B6, 0xC513, 0xA3AD, 0xB40F, 0xA3AC, 0xA38C, 0xABEE, 0xCD94, 0xC512,
    0xCD95, 0xDE99, 0xDE78, 0xDE78, 0xDE79, 0xDE78, 0xD617, 0xCDB6, 0xCDD6, 0xCDD6, 0xCDD6, 0xCDD6,
    0xCDD6, 0xCDD6, 0xCDD6, 0xCDD6, 0xCDD6, 0xC5B5, 0xBD94, 0xB554, 0x9CD3, 0x9CD3, 0x9CD4, 0xA4F4,
    0xA4D3, 0x9494, 0x6375, 0x5316, 0x5B36, 0x52F6, 0x52F6, 0x4AF6, 0x4AD6, 0x4AD6, 0x4AD6, 0x4AD6,
    0x5316, 0x63B7, 0x8499, 0xCE7C, 0xFFFF, 0xE73C, 0x94B2, 0x8430, 0x8410, 0x7BEF, 0x6B4D, 0x2965,
    0x18E3, 0x18E3, 0x18E3, 0x18E3, 0x18E3, 0x18E3, 0x18E3, 0x18E3, 0x2965, 0x3186, 0xC618, 0xFFFF,
    0xFFFF, 0xFFFF, 0xFFFF, 0xFFFF, 0xF79E, 0x9492, 0x9CF3, 0xB5B6, 0x73AE, 0xCE79, 0xB596, 0x632C,
    0x8430, 0xB596, 0xFFFF, 0xFFFF, 0xFFFF, 0xF79D, 0xFFDE, 0xE6DA, 0xE6FA, 0xEF1B, 0xEF1B, 0xEF1B,
    0xE6FA, 0xE6DA, 0xE6DA, 0xDE99, 0xDE79, 0xD658, 0xCE17, 0xC5B6, 0xBD95, 0xACF2, 0xA3CE, 0xA38D,
    0xA38C, 0x9B6C, 0x9B8C, 0x8B8C, 0xCDB5, 0xFFFF, 0xFFFF, 0xC5F7, 0xDEFB, 0xE73C, 0xCE38, 0xBDD7,
    0xB595, 0xB596, 0xF7BE, 0xFFFF, 0xFFFF, 0xFFFF, 0xFFFF, 0xFFFF, 0xF7BE, 0x9470, 0xA450, 0xCD74,
    0xD5D6, 0xAC2F, 0xA3AC, 0xA38C, 0xA38C, 0xABED, 0xC512, 0xBCF2, 0xCD95, 0xDE78, 0xDE58, 0xDE58,
    0xDE78, 0xDE98, 0xDE58, 0xCDF6, 0xCDD6, 0xCDD6, 0xCDD6, 0xCDD6, 0xCDD6, 0xCDD6, 0xCDD6, 0xCDD6,
    0xCDD6, 0xC5B5, 0xBD74, 0xBD95, 0xAD54, 0xAD33, 0xA514, 0xA4F4, 0xA4D3, 0x9C93, 0x6376, 0x4AF6,
    0x52F6, 0x52F6, 0x52F6, 0x4AD6, 0x4AD6, 0x4AD6, 0x4AD6, 0x4AD6, 0x4AD5, 0x5B36, 0xBDFB, 0xFFDF,
    0xFFFF, 0xFFFF, 0xFFFF, 0xF7BE, 0xF79E, 0xAD75, 0x7BEF, 0x39E7, 0x18C3, 0x2104, 0x18E3, 0x18E3,
    0x18E3, 0x18E3, 0x18E3, 0x18E3, 0x2104, 0x18E3, 0x18C3, 0x7BEF, 0xEF7D, 0xFFFF, 0xFFFF, 0xFFDF,
    0xFFFF, 0xFFFF, 0xDEDB, 0x39C7, 0x4A69, 0x632C, 0x4A48, 0x4207, 0x6B4D, 0xBDD7, 0xC5F7, 0xC638,
    0xB575, 0xAD13, 0xAD13, 0xAD33, 0xAD12, 0xA4D2, 0x9450, 0x8C2F, 0x9450, 0x9430, 0x8C2F, 0x8BEF,
    0x83CE, 0x7B8D, 0x736D, 0x734D, 0x734C, 0x7B2B, 0x8B4B, 0x9B4B, 0x9B6C, 0xA38C, 0x936C, 0xB4D1,
    0x93CE, 0xBD54, 0xEF5D, 0xE73C, 0xCE38, 0xFFFF, 0xFFFF, 0xFFFF, 0xFFFF, 0xFFFF, 0xFFFF, 0xFFFF,
    0xFFFF, 0xFFFF, 0xFFFF, 0xFFFF, 0xFFFF, 0x9450, 0xA42F, 0xCD74, 0xD5F6, 0xB4B1, 0xA3AC, 0xA38C,
    0xA36C, 0xABEE, 0xC512, 0xC512, 0xD5F7, 0xDE78, 0xD638, 0xD658, 0xDE78, 0xDE78, 0xDE78, 0xDE58,
    0xCDD5, 0xC595, 0xCDD5, 0xCDD6, 0xCDF7, 0xCDF6, 0xCDF6, 0xCDD6, 0xCDF6, 0xC5B5, 0xBD74, 0xBD94,
    0xBD95, 0xB575, 0xA514, 0xA4F3, 0xA4F4, 0xA4F5, 0x8456, 0x6357, 0x52F6, 0x5316, 0x52F6, 0x4AF6,
    0x4AD6, 0x4AD6, 0x4AD6, 0x4AD6, 0x4AF5, 0x8459, 0xC67C, 0xFFFF, 0xFFFF, 0xFFFF, 0xFFFF, 0xFFDF,
    0xC638, 0x9CF3, 0x8410, 0x4A69, 0x10A2, 0x10A2, 0x1082, 0x1082, 0x18C3, 0x2104, 0x2104, 0x18E3,
    0x18E3, 0x2104, 0x2104, 0x10A2, 0x630C, 0xE71C, 0xFFFF, 0xFFFF, 0xFFFF, 0xFFDF, 0xF79E, 0x4A6A,
    0x39C7, 0x1082, 0x1083, 0x0021, 0x0861, 0x0000, 0x0020, 0x0841, 0x0021, 0x0841, 0x18C3, 0x2104,
    0x20E4, 0x18A3, 0x0862, 0x0862, 0x18A3, 0x18E4, 0x2104, 0x2104, 0x2924, 0x2925, 0x2945, 0x2965,
    0x2945, 0x3145, 0x59E6, 0x934B, 0xA38C, 0xA3AC, 0x9B6C, 0x9C0F, 0xACD2, 0x9C0F, 0xB554, 0xB596,
    0xB575, 0xFFFF, 0xFFFF, 0xFFFF, 0xFFFF, 0xFFFF, 0xFFFF, 0xFFFF, 0xFFFF, 0xFFFF, 0xFFFF, 0xFFFF,
    0xFFFF, 0xA4D2, 0x9BEE, 0xC533, 0xDDF7, 0xAC50, 0xA3CE, 0xA38C, 0xA38C, 0xA3AD, 0xAC70, 0xB470,
    0xCDD6, 0xE6FB, 0xEF3C, 0xEF3C, 0xEF3B, 0xDE99, 0xD637, 0xDE78, 0xD617, 0xBD73, 0xB4F2, 0xB4F2,
    0xB513, 0xBD53, 0xBD34, 0xC5B5, 0xC5B5, 0xBD74, 0xBD94, 0xBD95, 0xBD95, 0xA514, 0x9CD3, 0xA4F3,
    0xA4F4, 0xA538, 0xA537, 0x7C17, 0x5B57, 0x5317, 0x52F6, 0x4AF6, 0x4AD6, 0x4AD6, 0x4AD6, 0x4AD6,
    0x5356, 0x94FA, 0xCE9D, 0xFFFF, 0xFFFF, 0xFFFF, 0xFFDF, 0xA514, 0x738E, 0x7BEF, 0x6B4D, 0x39E7,
    0x2965, 0x2104, 0x1082, 0x0861, 0x1082, 0x18C3, 0x18E3, 0x18E3, 0x2104, 0x18E3, 0x18E3, 0x2945,
    0x2104, 0x2124, 0x7BCF, 0xCE79, 0xEF7D, 0xFFFF, 0x9CF4, 0x7BEE, 0xC613, 0xA52F, 0x6307, 0x4A27,
    0x4A48, 0x5289, 0x5288, 0x5268, 0x5267, 0x4A47, 0x4A67, 0x5286, 0x5AC6, 0x6B26, 0x7365, 0x7BA4,
    0x83E5, 0x8C26, 0x9465, 0x9CA5, 0xA4E6, 0xAD27, 0xB58A, 0xBD8C, 0x9C2A, 0x72A9, 0x82C9, 0xA38C,
    0xA3AC, 0xA3AC, 0xA3AD, 0x938D, 0x940E, 0xA470, 0xDE38, 0xE71C, 0x9470, 0xCE38, 0xFFDF, 0xFFFF,
    0xFFFF, 0xFFFF, 0xFFFF, 0xFFFF, 0xFFFF, 0xFFFF, 0xFFFF, 0xF79E, 0xFFDF, 0xB4F2, 0x9BEE, 0xB4D2,
    0xCD95, 0xB4D2, 0xABEE, 0xA3AC, 0xA3AC, 0x9B6C, 0x9BAD, 0xA42F, 0xB513, 0xB534, 0xBD75, 0xDE99,
    0xEF3B, 0xE6FA, 0xCDD6, 0xC595, 0x9C2F, 0xACB1, 0xBD12, 0xB4B0, 0xB4D1, 0xB4D2, 0x9C50, 0xA4B1,
    0xBDB5, 0xBD95, 0xBD95, 0xBD95, 0xBD95, 0xA513, 0x9CD3, 0xA4F4, 0xA538, 0xA57B, 0x94F8, 0x8436,
    0x5B37, 0x4AD6, 0x52F6, 0x4AD6, 0x4AD6, 0x4AD6, 0x4AD6, 0x4AD5, 0x5316, 0xA55A, 0xFFDF, 0xFFFF,
    0xFFFF, 0xFFFF, 0xAD55, 0x73AE, 0x8410, 0x8410, 0x4A69, 0x39E7, 0x4208, 0x4208, 0x3186, 0x0861,
    0x0861, 0x0861, 0x0861, 0x1082, 0x18C3, 0x2104, 0x18E3, 0x18E3, 0x2104, 0x18E3, 0x2945, 0x39E7,
    0x5289, 0x8410, 0x4A49, 0xEF78, 0xFFF4, 0xFFEF, 0xEF4A, 0xD668, 0xDEA9, 0xDE88, 0xDEA8, 0xE6E9,
    0xEF08, 0xEF29, 0xFF89, 0xFFA9, 0xFFAA, 0xFFC9, 0xFFC9, 0xFFE9, 0xFFE9, 0xFFEA, 0xFFEA, 0xFFEB,
    0xFFCC, 0xFF8B, 0xEEAF, 0xD5D0, 0xC4AE, 0xABED, 0xABCD, 0xA3AC, 0xA3AC, 0xA3AC, 0xA3AD, 0xABCE,
    0x9BAD, 0x832C, 0xAC91, 0xF77D, 0xC5F7, 0xBDD6, 0xC617, 0xFFFF, 0xFFFF, 0xFFFF, 0xFFFF, 0xFFFF,
    0xFFFF, 0xE73C, 0xC617, 0x9471, 0xBDB5, 0xB4D2, 0x8BAD, 0xD5D6, 0xAC71, 0xA4B1, 0xBCD2, 0xA38C,
    0xA3AC, 0xA3AC, 0x9B8C, 0xA40F, 0xCDD6, 0xDEB9, 0xCE17, 0xBDB6, 0xDEB9, 0xDEBA, 0xD658, 0xB4F2,
    0xAC4F, 0xAC0F, 0xAC2F, 0xB44F, 0xBCD2, 0xBD13, 0xBD12, 0xB4F2, 0xB4D2, 0xB554, 0xBD95, 0xBD95,
    0xBD95, 0xB574, 0xA4F4, 0xA4F4, 0xA538, 0x9D3B, 0x7C17, 0x8C55, 0x6377, 0x52F6, 0x52F6, 0x4AD6,
    0x4AD6, 0x4AD6, 0x4AD6, 0x4AD6, 0x5B57, 0x94B9, 0xF7BE, 0xFFFF, 0xFFFF, 0xEF5D, 0x7BEF, 0x7BEF,
    0x7BEF, 0x8410, 0x5ACB, 0x39E7, 0x39E7, 0x4208, 0x3186, 0x18E3, 0x10A2, 0x0861, 0x0861, 0x0861,
    0x1082, 0x18E3, 0x18E3, 0x18E3, 0x18E3, 0x18E3, 0x2945, 0x5AEB, 0x8410, 0x31A6, 0x528A, 0x73AF,
    0xB56D, 0xFFCB, 0xFFAC, 0xFFEB, 0xFFCB, 0xFFCB, 0xFFCA, 0xFFCA, 0xFFCC, 0xFFCC, 0xFFAD, 0xFFAD,
    0xFF8C, 0xFF8C, 0xFFCD, 0xFFCF, 0xFF90, 0xF74F, 0xEECF, 0xD5B2, 0xC4F2, 0xB470, 0xAC30, 0xABCF,
    0xA38D, 0xA38C, 0xA38C, 0xA3AC, 0xA38C, 0xA3AC, 0xA3AD, 0xABEE, 0xABCE, 0x934C, 0x8B8D, 0xD5F7,
    0xD679, 0xAD54, 0xAD34, 0xC5F7, 0xFFBE, 0xF79E, 0xD699, 0xB554, 0x8C0F, 0x7B6C, 0x838D, 0x83AD,
    0x8B8D, 0xA450, 0xAC70, 0xDDF6, 0xACB2, 0xA491, 0xA42F, 0xA3CD, 0xA3AC, 0xA38C, 0xA3AC, 0x9B8C,
    0x93AD, 0xBD54, 0xD637, 0xEEFB, 0xF77D, 0xF79D, 0xFFDE, 0xDE58, 0xB4D1, 0xB470, 0xAC0F, 0xA3ED,
    0xA3CE, 0xBCB1, 0xBD12, 0xBCF3, 0xB4D1, 0xB4B1, 0xB554, 0xBD95, 0xBD95, 0xBD95, 0xBD95, 0xAD54,
    0xA4F5, 0x9CF8, 0x73F8, 0x8456, 0x73D7, 0x5316, 0x5337, 0x4AD6, 0x4AF6, 0x4AD6, 0x4AD6, 0x5B57,
    0x6BD8, 0x73D7, 0xCE7C, 0xFFFF, 0xFFFF, 0xBDD7, 0x7BCF, 0x8410, 0x7BEF, 0x8410, 0x6B6D, 0x39E7,
    0x4208, 0x39E7, 0x18E3, 0x18E3, 0x2104, 0x10A2, 0x0861, 0x0861, 0x0861, 0x18C3, 0x2104, 0x18E3,
    0x18E3, 0x18E3, 0x18E3, 0x18E3, 0x52AA, 0x31A6, 0xDEFB, 0xAD76, 0x9CF1, 0xFFF4, 0xFF90, 0xFFB1,
    0xFFB2, 0xFFB1, 0xFFB1, 0xFFB1, 0xFFB2, 0xFFB2, 0xFFB2, 0xFFB2, 0xFFD4, 0xFFD9, 0xF758, 0xE6B8,
    0xD616, 0xC512, 0xB471, 0xB430, 0xAC0F, 0xABEF, 0xABEE, 0xABCD, 0xA38C, 0xA38C, 0xA38C, 0xA38C,
    0xA38C, 0xA38C, 0xA3AC, 0xAC0E, 0xABCE, 0xABCE, 0x832B, 0xA430, 0xDE38, 0xB554, 0x8BEE, 0x7B4C,
    0x942F, 0x83AD, 0x6AEA, 0x6AA9, 0x6AA9, 0x732B, 0x838D, 0x730B, 0x7B2B, 0x9BEF, 0x9BCE, 0xAC91,
    0xB4F2, 0xAC4F, 0xA3EE, 0xABCD, 0xA38C, 0xA38C, 0xA38C, 0xA38C, 0xABCE, 0xBCD1, 0xBD12, 0xE6DA,
    0xFFDE, 0xFFBE, 0xFFBE, 0xE6FB, 0xBD12, 0xBCB1, 0xBCB1, 0xB44F, 0xA3CE, 0xA38D, 0xAC50, 0xBD13,
    0xBD12, 0xB4D2, 0xAC91, 0xB533, 0xBD95, 0xBD95, 0xBDB5, 0xB575, 0x9CD4, 0x9D17, 0x7C59, 0x7C15,
    0x73F6, 0x5B57, 0x5B17, 0x5316, 0x5B36, 0x5B57, 0x52D6, 0x6357, 0x7C39, 0x8CBA, 0xD6DC, 0xFFFF,
    0xFFFF, 0xBDD7, 0x738E, 0x8410, 0x7BEF, 0x8410, 0x73AE, 0x4208, 0x39E7, 0x39E7, 0x2104, 0x18E3,
    0x2104, 0x10A2, 0x0861, 0x0861, 0x0861, 0x0861, 0x18C3, 0x2104, 0x18E3, 0x18E3, 0x18E3, 0x18E3,
    0x18C3, 0x39E7, 0x4A69, 0x62EC, 0xDEBB, 0xFF96, 0xFFF5, 0xFFF5, 0xFFB4, 0xFFD4, 0xFFD5, 0xFFD5,
    0xFFD5, 0xFFD5, 0xFFD6, 0xFFF8, 0xF77B, 0xDE79, 0xD5D6, 0xCD75, 0xBCB1, 0xABEE, 0xABCD, 0xA3CD,
    0xA3AC, 0xA3AC, 0xA38C, 0xA38C, 0xA38C, 0xA38C, 0xA38C, 0xA38C, 0xA38C, 0xA38C, 0xABCD, 0xB40F,
    0xABEE, 0xABEE, 0x8B6C, 0x834B, 0xB4F2, 0xBD54, 0x730B, 0x730B, 0x72EB, 0x6AEA, 0x6AEA, 0x6AEA,
    0x6ACA, 0x6289, 0x7B2B, 0x93EE, 0xAC71, 0xBCD2, 0xA3AD, 0xB450, 0xA3CE, 0xA3AC, 0xABCD, 0xA38C,
    0xA38C, 0xA38C, 0xA38C, 0xA38C, 0xA38C, 0xABEE, 0xAC2F, 0xD617, 0xFFBE, 0xF77D, 0xF77D, 0xEF5C,
    0xC595, 0xAC2E, 0xABED, 0xABCD, 0xABCD, 0xABCE, 0xA38D, 0xA40E, 0xBCF2, 0xACB1, 0xAC90, 0xAC90,
    0xB553, 0xBDB5, 0xB575, 0xA514, 0xA516, 0xBDFB, 0xC63C, 0xB5B9, 0x94D9, 0x6BB7, 0x5B56, 0x5B37,
    0x5B56, 0x5336, 0x4AF6, 0x5316, 0x7C38, 0xBE1B, 0xFFDF, 0xFFFF, 0xFFFF, 0xF79E, 0xA514, 0x7BEF,
    0x7BEF, 0x8410, 0x5ACB, 0x39E7, 0x4208, 0x4208, 0x2945, 0x18E3, 0x2104, 0x18C3, 0x0861, 0x0861,
    0x0861, 0x0861, 0x1082, 0x2104, 0x18E3, 0x18E3, 0x18E3, 0x2104, 0x2104, 0x18C3, 0x3987, 0xA3B4,
    0xB3B6, 0x9391, 0x8C70, 0xDEFA, 0xFFFF, 0xFFFF, 0xDFDE, 0xCFFE, 0xD7DE, 0xD7FE, 0xD7FF, 0xE73C,
    0xD5B5, 0xC533, 0xBC91, 0xAC0E, 0xA3AD, 0xA3AC, 0xA38C, 0xA38C, 0xA38C, 0xA38C, 0xA38C, 0xA38C,
    0xA38C, 0xA38C, 0xA38C, 0xA38C, 0xA38C, 0xA3AC, 0xABCD, 0xABCE, 0xABCE, 0xABEE, 0x938D, 0xA40F,
    0x93CE, 0xB4D2, 0x838C, 0x6AEA, 0x6AA9, 0x62A9, 0x6AAA, 0x6AA9, 0x730B, 0x9C2F, 0xBCF2, 0xB491,
    0xB42F, 0xA3CD, 0xA3AD, 0xA3CE, 0xABEE, 0xABCD, 0xABAD, 0xA3AC, 0xA38C, 0xA38C, 0xA38C, 0xA38C,
    0xA38C, 0xA38C, 0xA3AD, 0xBD33, 0xF77D, 0xEF5D, 0xEF5D, 0xEF7D, 0xD658, 0xBCD1, 0xABED, 0xA3AC,
    0xA3AD, 0xABCE, 0xABEE, 0xA3AD, 0x9BEE, 0xAC90, 0xAC91, 0xAC90, 0xACB1, 0xBD94, 0xAD54, 0xA4D4,
    0xA537, 0xCE7D, 0xDF1E, 0xEF7E, 0xC63C, 0x8CD9, 0x7417, 0x6356, 0x6397, 0x6BB7, 0x5B76, 0x5B56,
    0x6356, 0xCE7C, 0xFFFF, 0xFFFF, 0xFFFF, 0xFFFF, 0xFFFF, 0xDEFB, 0x8410, 0x7BEF, 0x4A49, 0x39E7,
    0x4208, 0x4208, 0x2965, 0x18E3, 0x2104, 0x18E3, 0x0861, 0x0861, 0x0861, 0x0861, 0x0861, 0x10A2,
    0x18E3, 0x18E3, 0x18E3, 0x18E3, 0x2104, 0x18C3, 0x3166, 0xA373, 0xDC5A, 0xC418, 0x7AAF, 0x628B,
    0x8410, 0xDEFC, 0xC7FF, 0x8FDE, 0x97FF, 0x9FFF, 0x9E37, 0xAC70, 0xA3ED, 0xA3AD, 0xA38C, 0xA38C,
    0xA38C, 0xA38C, 0xA38C, 0xA38C, 0xA38C, 0xA38C, 0xA38C, 0xA38C, 0xA38C, 0xA38C, 0xA38C, 0xA3AC,
    0xA3AC, 0xABCD, 0xABCE, 0xABCD, 0xA3CD, 0xA3CD, 0xAC2F, 0xCD54, 0xAC70, 0x9C0F, 0xBD12, 0x7B4B,
    0x62AA, 0x6AEA, 0x732B, 0x838D, 0xBD13, 0xB491, 0xA3EE, 0xA3AD, 0xA3AD, 0xABCE, 0xABEE, 0xABEE,
    0xA3CE, 0xABCD, 0xABCD, 0xA3AD, 0xA3AC, 0xA38C, 0xA38C, 0xA38C, 0xA38C, 0xA38C, 0xABCD, 0xB491,
    0xE6FA, 0xF77D, 0xEF5C, 0xF77D, 0xE6DA, 0xC574, 0xBCD1, 0xA3AD, 0xA3AD, 0xABCE, 0xABEE, 0xABEE,
    0xA3CE, 0x9BEE, 0xAC91, 0xAC91, 0xAC90, 0xB4D2, 0xB534, 0x9CD4, 0xBDF9, 0xD6DD, 0xDEFD, 0xE73D,
    0xCE9D, 0xC65C, 0xBE1C, 0x8478, 0x7C38, 0x7C18, 0x73F8, 0x73D8, 0x73D7, 0xC65C, 0xFFFF, 0xFFFF,
    0xFFFF, 0xFFFF, 0xFFFF, 0xFFFF, 0xD69A, 0x8410, 0x630C, 0x39E7, 0x4208, 0x4208, 0x39E7, 0x2104,
    0x18E3, 0x2104, 0x10A2, 0x0861, 0x0861, 0x0861, 0x0861, 0x0861, 0x18C3, 0x2104, 0x18E3, 0x18E3,
    0x20E4, 0x18E3, 0x2104, 0xA353, 0xDC5A, 0xECBC, 0xCC58, 0x72CD, 0x3A08, 0x4A69, 0xBDB6, 0xFFFF,
    0xE71C, 0xB4D2, 0xABEE, 0xABEE, 0xA3AD, 0xA3AD, 0xA38C, 0xA38C, 0xA38C, 0xA38C, 0xA38C, 0xA38C,
    0xA38C, 0xA38C, 0xA38C, 0xA38C, 0xA38C, 0xA3AC, 0xA3AC, 0xABCD, 0xABCD, 0xABCD, 0xABCE, 0xABCD,
    0xABCD, 0xA3AD, 0xAC0E, 0xBC91, 0xD5B6, 0x9C0F, 0xA450, 0x9C30, 0x72EB, 0x7B6C, 0x8BEE, 0xA430,
    0xAC2F, 0xA3EE, 0xB40F, 0xABEE, 0xABCE, 0xA3CE, 0xA3AD, 0xABCE, 0xABCE, 0xABCD, 0xABCD, 0xABCD,
    0xA3AD, 0xA3AC, 0xA38C, 0xA38C, 0xA38C, 0xA38C, 0xA3CD, 0xAC2F, 0xD617, 0xF77D, 0xEF5C, 0xF77D,
    0xEF3B, 0xCD95, 0xBD33, 0xB490, 0xA3AD, 0xABEE, 0xABEE, 0xA3EE, 0xABEE, 0x9BCD, 0xA40F, 0xB4B1,
    0xAC90, 0xAC90, 0xB512, 0xAD34, 0xDEDB, 0xEF9F, 0xE71D, 0xDEDD, 0xC65D, 0xC65C, 0xA53A, 0x73D8,
    0x73F8, 0x73F8, 0x73D8, 0x73D8, 0x94D9, 0xDEDD, 0xFFFF, 0xFFFF, 0xFFFF, 0xFFFF, 0xFFFF, 0xFFFF,
    0xFFDF, 0x9492, 0x73AE, 0x52AA, 0x39E7, 0x39E7, 0x4208, 0x3186, 0x18E3, 0x2104, 0x18C3, 0x0861,
    0x0861, 0x0861, 0x0861, 0x0861, 0x0861, 0x18C3, 0x2104, 0x18E3, 0x20E4, 0x18E3, 0x2104, 0xA374,
    0xD43A, 0xDC9B, 0xABB5, 0x72CD, 0x4208, 0x4208, 0x31A6, 0xA513, 0xB491, 0xAC2F, 0xB470, 0xABEE,
    0xA3AD, 0xA38C, 0xA38C, 0xA38C, 0xA38C, 0xA38C, 0xA38C, 0xA38C, 0xA38C, 0xA38C, 0xA3AC, 0xA3AC,
    0xA3AC, 0xA3AC, 0xA3AC, 0xA3CD, 0xABCD, 0xABCD, 0xA3CE, 0xA3CD, 0xABCD, 0xABCE, 0xAC0E, 0xB470,
    0xD595, 0xC575, 0x8B8D, 0xCD74, 0x8BAD, 0x6AEA, 0x836C, 0xAC50, 0xAC0F, 0xABCD, 0xABCD, 0xABEE,
    0xABCE, 0xABCE, 0xA3CE, 0xABCE, 0xA3CE, 0xABCE, 0xABCE, 0xA3CD, 0xA3CE, 0xA3AD, 0xA38C, 0xA38C,
    0xA38C, 0xA38C, 0xABEE, 0xAC0E, 0xC554, 0xEF3C, 0xF77C, 0xF77C, 0xF75C, 0xD617, 0xBD53, 0xBCF2,
    0xA3CE, 0xABCE, 0xABEE, 0xA3EE, 0xA3CD, 0xABEE, 0x9BEE, 0xAC70, 0xAC91, 0xAC90, 0xAC90, 0xB554,
    0xDEFA, 0xFFBF, 0xE6FC, 0xDF1E, 0x951A, 0x9D3A, 0x8479, 0x6BB8, 0x73F8, 0x73F8, 0x8C98, 0xB5DB,
    0xD6DD, 0xD6DD, 0xF79E, 0xFFFF, 0xFFFF, 0xFFFF, 0xFFFF, 0xFFFF, 0xFFFF, 0xE71C, 0xAD55, 0x630C,
    0x39C7, 0x4208, 0x4208, 0x31A6, 0x2104, 0x2104, 0x18C3, 0x0861, 0x0861, 0x0861, 0x0861, 0x0861,
    0x0861, 0x1082, 0x2104, 0x18E3, 0x2104, 0x18E3, 0x3146, 0xBBD7, 0xD43A, 0xD459, 0x9B33, 0x624C,
    0x2944, 0x4208, 0x39E8, 0x5A28, 0xB470, 0xB470, 0xABCE, 0xA3AD, 0xA38C, 0xA3AC, 0xA3AC, 0xA3AC,
    0xA3AC, 0xA3AC, 0xA3AC, 0xA3AC, 0xA3AC, 0xA3AD, 0xABCD, 0xA3AD, 0xA3AC, 0xA3AC, 0xA3AD, 0xABCD,
    0xABCD, 0xABCD, 0xA3CE, 0xA3CE, 0xA3CE, 0xABEE, 0xB40F, 0xAC0E, 0xCD53, 0xDE58, 0x9C2F, 0x8BEF,
    0x83EF, 0x83CE, 0x8B4C, 0xA3CD, 0xA38C, 0xA38C, 0xA3AD, 0xABCD, 0xABCE, 0xABCE, 0xA3CE, 0xA3CE,
    0xA3CE, 0xA3CE, 0xA3CE, 0xABCE, 0xABCD, 0xA3AD, 0xA3AC, 0xA38C, 0xA38C, 0xABAD, 0xAC0F, 0xAC0E,
    0xBC91, 0xE6DA, 0xF77C, 0xEF5C, 0xF77C, 0xE699, 0xC574, 0xBD12, 0xAC0F, 0xA3CE, 0xABCE, 0xABCE,
    0xA3CD, 0xA3CD, 0xA40E, 0x9C0F, 0xB4B1, 0xAC90, 0xAC90, 0xACD1, 0xBD95, 0xCE38, 0xEF5D, 0xEF9E,
    0xAD9A, 0xA55A, 0x8479, 0x8458, 0x8479, 0x9D1A, 0xDF1E, 0xEF7E, 0xEF7E, 0xE73E, 0xF79E, 0xFFFF,
    0xFFFF, 0xFFFF, 0xFFFF, 0xFFFF, 0xFFFF, 0xFFFF, 0xBDF7, 0x4A49, 0x39E7, 0x4208, 0x3186, 0x18E3,
    0x18E3, 0x18E3, 0x18E3, 0x10A2, 0x0861, 0x0861, 0x0861, 0x0861, 0x0861, 0x10A2, 0x18E3, 0x18E3,
    0x2104, 0x10C3, 0x49A9, 0xC418, 0xD439, 0xC418, 0x9312, 0x5A0B, 0x10A2, 0x2945, 0x4208, 0x7B0B,
    0x9B8D, 0xABEE, 0xA38C, 0xA38C, 0xA3AC, 0xA3AC, 0xA3AC, 0xA3AD, 0xA3AD, 0xA3AD, 0xA3AC, 0xA3AD,
    0xABCD, 0xABCD, 0xA3AC, 0xA3AC, 0xA3AC, 0xA3AC, 0xABCD, 0xABCD, 0xABCD, 0xABCD, 0xABCD, 0xABCD,
    0xABCD, 0xABCD, 0xABEE, 0xB40F, 0xBCB1, 0xAD33, 0x840F, 0x73CF, 0x9430, 0xA450, 0xAC4F, 0xABCD,
    0xA38C, 0xA3AD, 0xABCD, 0xABCD, 0xABCD, 0xA3CE, 0xA3CE, 0xA3CE, 0xA3CE, 0xA3CE, 0xA3CE, 0xABCE,
    0xABCD, 0xABCD, 0xA3CD, 0xA3AD, 0xA3AD, 0xABED, 0xAC0F, 0xAC0F, 0xAC2F, 0xD637, 0xF77D, 0xEF5D,
    0xF77D, 0xEEFB, 0xCDB5, 0xBD32, 0xB470, 0xA3CE, 0xA3CE, 0xA3AD, 0xA3AD, 0xA3AD, 0xA40E, 0x9BEE,
    0xAC91, 0xAC91, 0xAC90, 0xAC90, 0xACF2, 0xAD34, 0xDEBA, 0xF79E, 0xDEFC, 0x9D3A, 0x6BD8, 0x7C18,
    0x73D7, 0xB5DB, 0xE73E, 0xE73E, 0xEF5E, 0xE71D, 0xFFFF, 0xFFFF, 0xFFFF, 0xFFFF, 0xFFFF, 0xFFFF,
    0xFFFF, 0xE71C, 0x73AE, 0x4228, 0x39E7, 0x4208, 0x2124, 0x18E3, 0x2104, 0x18E3, 0x18C3, 0x10A2,
    0x0861, 0x0861, 0x0861, 0x0861, 0x0861, 0x18C3, 0x2104, 0x18E3, 0x2104, 0x10A2, 0x6A6D, 0xCC38,
    0xD439, 0xB3B6, 0x8B12, 0x51EB, 0x18E3, 0x18E3, 0x41C6, 0x8B4C, 0x9B6C, 0xA3AC, 0xA3AC, 0xA3AD,
    0xABED, 0xA3AD, 0xA3AC, 0xA3AD, 0xABCE, 0xABCD, 0xABCD, 0xABCD, 0xABCD, 0xA3CD, 0xA3AC, 0xA3AC,
    0xA3AC, 0xA3AC, 0xABCD, 0xA3CE, 0xABCD, 0xABCD, 0xABCD, 0xABCD, 0xABCD, 0xABCD, 0xA3CD, 0xAC0E,
    0xAC70, 0x7BCF, 0x73AE, 0x9430, 0x93AD, 0xA3EE, 0xB44F, 0xA3CD, 0xA38C, 0xA3AD, 0xABCD, 0xABCD,
    0xABCD, 0xA3CE, 0xA3CE, 0xA3CE, 0xA3CE, 0xA3CE, 0xA3CE, 0xABCD, 0xABCD, 0xABCD, 0xABCD, 0xABCD,
    0xABCD, 0xABCD, 0xAC0F, 0xAC0F, 0xAC0E, 0xC554, 0xEF5C, 0xF77C, 0xEF5D, 0xEF3C, 0xD617, 0xBD53,
    0xB470, 0xA3CE, 0xA3AD, 0xA3AD, 0xA38D, 0xA3AC, 0xA3CD, 0x93AD, 0xAC70, 0xAC91, 0xAC91, 0xAC70,
    0xAC91, 0xB575, 0xC5D6, 0xB5D9, 0xAD9B, 0x7C39, 0x6BD8, 0x73F8, 0x6BD7, 0xB5DB, 0xDF1E, 0xD6DD,
    0xEF7E, 0xFFFF, 0xFFFF, 0xFFFF, 0xFFFF, 0xFFFF, 0xFFFF, 0xFFFF, 0xFFFF, 0xE73C, 0x7BEF, 0x4A49,
    0x39C7, 0x4208, 0x3186, 0x18E3, 0x18E3, 0x10A2, 0x0861, 0x0861, 0x0861, 0x0861, 0x0861, 0x0861,
    0x0861, 0x18C3, 0x2104, 0x20E4, 0x10C3, 0x2905, 0xB395, 0xCC19, 0xD43A, 0xA353, 0x8B11, 0x41A8,
    0x18E3, 0x18E3, 0x49E7, 0x934C, 0x9B6C, 0xA3AD, 0xA38C, 0xABEE, 0xB40F, 0xABCD, 0xA3AC, 0xA3AD,
    0xA3AD, 0xA3AD, 0xA3AD, 0xA3AD, 0xA3AD, 0xA3AD, 0xA3AC, 0xA3AC, 0xA3AC, 0xA3AC, 0xA3AD, 0xA3AD,
    0xA3AD, 0xA3AC, 0xA3AC, 0xA3AC, 0xA3AD, 0xA3CD, 0xA3CD, 0xABCD, 0xB470, 0xA4D2, 0x9CB2, 0xA450,
    0xA3CE, 0xA3CE, 0xBC90, 0xABEE, 0xABCD, 0xABCD, 0xABCD, 0xA3CE, 0xABCE, 0xA3CE, 0xA3CE, 0xA3CE,
    0xA3CE, 0xA3CE, 0xA3CE, 0xABCD, 0xABCD, 0xA3AD, 0xA3AC, 0xA3CD, 0xA3AD, 0xA3AC, 0xABCD, 0xAC0F,
    0xAC0F, 0xB491, 0xE6FA, 0xF77C, 0xF77C, 0xF75C, 0xDEB9, 0xC574, 0xAC4F, 0xA3CE, 0xA3CE, 0xA3AD,
    0xA3AD, 0xA3AC, 0xA3AD, 0x9B8C, 0xA44F, 0xACB1, 0xA450, 0xAC70, 0xACB1, 0xBDD6, 0xAD36, 0xB597,
    0x8C78, 0x8479, 0x7C38, 0x73F8, 0x73F8, 0x8478, 0xAD7B, 0xC65C, 0xF7BF, 0xFFFF, 0xFFFF, 0xFFFF,
    0xFFFF, 0xFFFF, 0xFFFF, 0xFFFF, 0xFFFF, 0xFFFF, 0xCE59, 0x6B6D, 0x39E7, 0x4208, 0x39E7, 0x3186,
    0x18E3, 0x0861, 0x1082, 0x1082, 0x1082, 0x1082, 0x1082, 0x0861, 0x1082, 0x18E3, 0x2104, 0x2104,
    0x2925, 0x9332, 0xCC1A, 0xCC19, 0xC418, 0x9311, 0x9311, 0x3166, 0x18E3, 0x18E3, 0x6269, 0x9BAD,
    0x9B6C, 0xA3AD, 0xA3AD, 0xABEE, 0xABEE, 0xA3AD, 0xA3AC, 0xA3AC, 0xA3AC, 0xA3AC, 0xA3AC, 0xA3AC,
    0xA3AC, 0xA3AC, 0xA3AC, 0xA38C, 0xA38C, 0xA3AC, 0xA3AC, 0xA3AC, 0xA3AC, 0xA3AC, 0xA3AC, 0xA3AC,
    0xA3AD, 0xABCD, 0xABCD, 0xA3AD, 0xB450, 0xCD75, 0xCD95, 0x93AD, 0xAC50, 0xA40F, 0xBCB1, 0xAC0E,
    0xAC0E, 0xB42F, 0xABCE, 0xABCD, 0xABCE, 0xABCD, 0xABCD, 0xABCD, 0xA3CE, 0xA3CD, 0xABCE, 0xABCD,
    0xABCD, 0xA3AD, 0xA38C, 0xA3CD, 0xA3AD, 0xA38C, 0xA3CD, 0xAC0F, 0xAC0F, 0xAC2F, 0xDE58, 0xF75C,
    0xF75D, 0xF75C, 0xE6FA, 0xD5F6, 0xA3EE, 0xABEE, 0xABEE, 0xA3AD, 0xA3AD, 0xA38C, 0xA3AD, 0x9B8D,
    0x9BEE, 0xA450, 0xAC70, 0xAC90, 0xACB1, 0xAD54, 0xA536, 0xD658, 0xAD78, 0x8478, 0x8CD9, 0x73D8,
    0x73F8, 0x7C38, 0x7C38, 0xCE7C, 0xFFFF, 0xFFFF, 0xFFFF, 0xFFFF, 0xFFFF, 0xFFFF, 0xFFFF, 0xFFFF,
    0xFFFF, 0xFFFF, 0xFFFF, 0xE73C, 0x73AE, 0x632C, 0x5ACB, 0x4A69, 0x31A6, 0x1082, 0x0861, 0x0861,
    0x0861, 0x0861, 0x0861, 0x1082, 0x18C3, 0x18E3, 0x18C3, 0x18E3, 0xA353, 0xCC3A, 0xC3F9, 0xCC18,
    0x9B53, 0x8AF1, 0x726E, 0x18C3, 0x18C3, 0x2124, 0x6AEB, 0x93EE, 0x8B6B, 0xABCD, 0xB42F, 0xB450,
    0xB42F, 0xABED, 0xA3CD, 0xABCD, 0xABCD, 0xA3AD, 0xA3AC, 0xA3AC, 0xA3CD, 0xABCD, 0xABCD, 0xABCD,
    0xABCD, 0xABCD, 0xA3AD, 0xABAD, 0xABAD, 0xABAD, 0xA3CD, 0xABAD, 0xABCD, 0xABEE, 0xAC0E, 0xBCD2,
    0xD5D5, 0xD554, 0xB513, 0x93EE, 0x9BCE, 0xB4B1, 0xCD33, 0xB490, 0xB44F, 0xBCB2, 0xB470, 0xABCD,
    0xABEE, 0xABEE, 0xABEE, 0xABEE, 0xABEE, 0xABEE, 0xABEE, 0xABCE, 0xABEE, 0xABED, 0xA3AC, 0xABCD,
    0xABED, 0xA3AC, 0xABEE, 0xB42F, 0xB42F, 0xB42F, 0xD5F7, 0xEF1B, 0xF77D, 0xEF1B, 0xE6B9, 0xDE78,
    0xB470, 0xB42F, 0xB44F, 0xABEE, 0xABEE, 0xABCE, 0xABED, 0xA3EE, 0x938D, 0xAC90, 0xAC90, 0xAC70,
    0xAC70, 0x9C92, 0xBD95, 0xA4F6, 0x8436, 0x7417, 0x8C99, 0x94FA, 0x9D1A, 0xA55B, 0xA55B, 0xB5BB,
    0xF79E, 0xFFFF, 0xFFFF, 0xFFFF, 0xFFFF, 0xFFFF, 0xFFFF, 0xFFFF, 0xFFFF, 0xFFFF, 0xFFFF, 0xFFFF,
    0xDEDB, 0xAD75, 0xA534, 0x9CF3, 0x9CD3, 0x5ACB, 0x3186, 0x3186, 0x39C7, 0x52AA, 0x5ACB, 0x5ACB,
    0x5ACB, 0x5ACB, 0x52AA, 0x5ACB, 0xBC17, 0xD45A, 0xCC59, 0xB3F6, 0x9B93, 0xA394, 0x628C, 0x31C6,
    0x4208, 0x5B0C, 0x734C, 0x93AD, 0x7B2B, 0xA3AD, 0xABEE, 0xAC2F, 0xAC0F, 0xA3CD, 0x9B8D, 0x9BAD,
    0xA3AD, 0xA3CD, 0xA3CD, 0xA3CE, 0xA3CE, 0xA3EE, 0xA3EE, 0xA3EE, 0xA3EE, 0xA3EE, 0xA3CE, 0xA3EE,
    0xAC0F, 0xAC2F, 0xAC50, 0xAC70, 0xB490, 0xB491, 0xB4D1, 0xC533, 0xBD13, 0xBCF3, 0xB4D2, 0xB4D2,
    0xA470, 0x9C92, 0xB4B2, 0xA3EF, 0xAC50, 0xBD12, 0xBCF2, 0xA3EE, 0x9B8D, 0xA3AD, 0xA3AC, 0xA3AD,
    0xA3AD, 0xA3AD, 0x9B8C, 0x9B6C, 0x9B4C, 0x936C, 0x9B8C, 0x936C, 0x934C, 0x9B6C, 0xA3CD, 0xA3CD,
    0xA3CE, 0xA3EE, 0xBD33, 0xDE79, 0xEF1B, 0xEF5C, 0xEF1B, 0xD637, 0xB491, 0xAC50, 0xAC70, 0xA40E,
    0xA3EE, 0xA40F, 0xA450, 0xB513, 0x9C70, 0xAD13, 0xAC91, 0xA44F, 0xA491, 0xAD13, 0xA4D2, 0x9CB4,
    0x8435, 0x7416, 0x8C99, 0xAD7B, 0xA55B, 0xA55B, 0xA53B, 0x9D1A, 0xE75D, 0xFFFF, 0xFFFF, 0xFFFF,
    0xFFFF, 0xFFFF, 0xFFFF, 0xFFFF, 0xFFFF, 0xFFFF, 0xFFFF, 0xFFFF, 0xFFFF, 0xFFFF, 0xFFFF, 0xFFFF,
    0xFFFF, 0xB5B6, 0xA514, 0xA534, 0xA534, 0xB596, 0xB596, 0xAD75, 0xAD75, 0xAD75, 0xB596, 0xAD75,
    0xCD99, 0xEDBC, 0xDD3A, 0xD519, 0xD53A, 0xCD79, 0xAD75, 0xAD95, 0xAD75, 0xAD75, 0xA4F3, 0x9C0F,
    0x9C0F, 0xAC70, 0xBD54, 0xBD95, 0xB555, 0xAD13, 0xACB2, 0xB514, 0xBD75, 0xBD75, 0xBD75, 0xBD75,
    0xBD75, 0xB554, 0xB554, 0xB555, 0xB574, 0xB575, 0xBD95, 0xBD95, 0xBD75, 0xB534, 0xB534, 0xB534,
    0xB554, 0xBD75, 0xBD75, 0xB575, 0xA514, 0xA534, 0xB533, 0xAD13, 0xAD34, 0x9D14, 0xA513, 0xB534,
    0xB554, 0xB554, 0xB554, 0xB574, 0xB575, 0xC595, 0xC595, 0xBD75, 0xBD75, 0xB554, 0xB534, 0xAD14,
    0xAD13, 0xA4F3, 0xA514, 0xA4F3, 0x9CD3, 0xAD14, 0xBD75, 0xB554, 0xB554, 0xBD75, 0xC5F7, 0xDEBA,
    0xE71B, 0xEF7C, 0xEF3C, 0xCDF7, 0xAD13, 0xB554, 0xBD75, 0xBD75, 0xB554, 0xB554, 0xA514, 0xA513,
    0xA4F2, 0x9C50, 0x9C0F, 0xA470, 0xA4B2, 0xA4D2, 0xA4D2, 0x9CD2, 0x8435, 0x73F7, 0x8C99, 0xA55B,
    0x9D3A, 0x9D1A, 0xBE1B, 0xEF7E, 0xFFFF, 0xFFFF, 0xFFFF, 0xFFFF, 0xFFFF, 0xFFFF, 0xFFFF, 0xFFFF,
    0xFFFF, 0xFFFF, 0xFFFF, 0xFFFF, 0xFFFF, 0xFFFF, 0xFFFF, 0xFFFF, 0xFFFF, 0xFFFF, 0xFFFF, 0xFFFF,
    0xFFFF, 0xFFFF, 0xFFFF, 0xFFFF, 0xFFFF, 0xFFFF, 0xFFFF, 0xFFFF, 0xFFFF, 0xFFDF, 0xFEFF, 0xFEDF,
    0xFF1F, 0xFFFF, 0xFFFF, 0xFFFF, 0xFFFF, 0xFFFF, 0xFFFF, 0xF79E, 0xF75D, 0xFFBE, 0xFFFF, 0xFFFF,
    0xFFFF, 0xFFFF, 0xFFFF, 0xFFFF, 0xFFFF, 0xFFFF, 0xFFFF, 0xFFFF, 0xFFFF, 0xFFFF, 0xFFFF, 0xFFFF,
    0xFFFF, 0xFFFF, 0xFFFF, 0xFFFF, 0xFFFF, 0xFFFF, 0xFFFF, 0xFFFF, 0xFFFF, 0xFFFF, 0xFFFF, 0xFFFF,
    0xFFFF, 0xFFFF, 0xFFFF, 0xFFFF, 0xFFFF, 0xFFFF, 0xFFFF, 0xFFFF, 0xFFFF, 0xFFFF, 0xFFFF, 0xFFFF,
    0xFFFF, 0xFFFF, 0xFFFF, 0xFFFF, 0xFFFF, 0xFFFF, 0xFFFF, 0xFFFF, 0xFFFF, 0xFFFF, 0xFFFF, 0xFFFF,
    0xFFFF, 0xFFFF, 0xFFFF, 0xFFFF, 0xFFFF, 0xFFFF, 0xFFFF, 0xFFFF, 0xFFFF, 0xFFFF, 0xFFFF, 0xFFFF,
    0xFFFF, 0xFFFF, 0xFFFF, 0xFFFF, 0xFFFF, 0xFFFF, 0xFFFF, 0xF77D, 0xE6FB, 0xDEBA, 0xE6FB, 0xD699,
    0xC637, 0xC617, 0xCE38, 0xCE38, 0xD69A, 0x9D19, 0xA57A, 0xA57A, 0xAD9A, 0xBDFB, 0xF79E, 0xFFFF,
    0xFFFF, 0xFFFF, 0xFFFF, 0xFFFF, 0xFFFF, 0xFFFF, 0xFFFF, 0xFFFF, 0xFFFF, 0xFFFF, 0xFFFF, 0xFFFF,
    0xFFFF, 0xFFFF, 0xFFFF, 0xFFFF, 0xFFFF, 0xFFFF, 0xFFFF, 0xFFFF, 0xFFFF, 0xFFFF, 0xFFFF, 0xFFFF,
    0xFFFF, 0xFFFF, 0xFFFF, 0xFFFF, 0xFFFF, 0xFFFF, 0xFFFF, 0xFFDF, 0xFFFF, 0xFFFF, 0xFFFF, 0xFFFF,
    0xFFFF, 0xFFFF, 0xFFFF, 0xFFFF, 0xFFFF, 0xFFFF, 0xFFFF, 0xFFFF, 0xFFFF, 0xFFFF, 0xFFFF, 0xFFFF,
    0xFFFF, 0xFFFF, 0xFFFF, 0xFFFF, 0xFFFF, 0xFFFF, 0xFFFF, 0xFFFF, 0xFFFF, 0xFFFF, 0xFFFF, 0xFFFF,
    0xFFFF, 0xFFFF, 0xFFFF, 0xFFDF, 0xFFFF, 0xFFFF, 0xFFFF, 0xFFFF, 0xFFFF, 0xFFFF, 0xFFFF, 0xFFFF,
    0xFFFF, 0xFFFF, 0xFFFF, 0xFFFF, 0xFFFF, 0xFFFF, 0xFFFF, 0xFFFF, 0xFFDF, 0xFFFF, 0xFFFF, 0xFFFF,
    0xFFFF, 0xFFFF, 0xFFFF, 0xFFFF, 0xFFFF, 0xFFFF, 0xFFFF, 0xFFFF, 0xFFFF, 0xFFFF, 0xFFFF, 0xFFFF,
    0xFFFF, 0xFFFF, 0xFFFF, 0xFFFF, 0xFFFF, 0xFFFF, 0xFFFF, 0xFFFF, 0xFFFF, 0xFFFF, 0xFFFF, 0xFFFF,
    0xFFFF, 0xFFFF, 0xFFFF, 0xFFFF, 0xFFFF, 0xFFFF, 0xFFFF, 0xFFFF, 0xFFDF, 0xFFDE, 0xF7BE, 0xFFBE,
    0xFFFF, 0xFFDF, 0xFFDF, 0xF7BF, 0xF7DF, 0xFFFF, 0xFFFF, 0xFFFF, 0xFFFF, 0xFFFF, 0xFFFF, 0xFFFF,
    0xFFFF, 0xFFFF, 0xFFFF, 0xFFFF, 0xFFFF, 0xFFFF, 0xFFFF, 0xFFFF, 0xFFFF, 0xFFFF, 0xFFFF, 0xFFFF,
    0xFFFF, 0xFFFF, 0xFFFF, 0xFFFF, 0xFFFF, 0xFFFF, 0xFFFF, 0xFFFF, 0xFFFF, 0xFFFF, 0xFFFF, 0xFFFF,
    0xFFFF, 0xFFFF, 0xFFFF, 0xFFFF, 0xFFFF, 0xFFFF, 0xFFFF, 0xFFFF, 0xFFFF, 0xFFFF, 0xFFFF, 0xFFFF,
    0xFFFF, 0xFFFF, 0xFFFF, 0xFFFF, 0xFFFF, 0xFFFF, 0xFFFF, 0xFFFF, 0xFFFF, 0xFFFF, 0xFFFF, 0xFFFF,
    0xFFFF, 0xFFFF, 0xFFFF, 0xFFFF, 0xFFFF, 0xFFFF, 0xFFFF, 0xFFFF, 0xFFFF, 0xFFFF, 0xFFFF, 0xFFFF,
    0xFFFF, 0xFFFF, 0xFFFF, 0xFFFF, 0xFFFF, 0xFFFF, 0xFFFF, 0xFFFF, 0xFFFF, 0xFFFF, 0xFFFF, 0xFFFF,
    0xFFFF, 0xFFFF, 0xFFFF, 0xFFFF, 0xFFFF, 0xFFFF, 0xFFFF, 0xFFFF, 0xFFFF, 0xFFFF, 0xFFFF, 0xFFFF,
    0xFFFF, 0xFFFF, 0xFFFF, 0xFFFF, 0xFFFF, 0xFFFF, 0xFFFF, 0xFFFF, 0xFFFF, 0xFFFF, 0xFFFF, 0xFFFF,
    0xFFFF, 0xFFFF, 0xFFFF, 0xFFFF, 0xFFFF, 0xFFFF, 0xFFFF, 0xFFFF, 0xFFFF, 0xFFFF, 0xFFFF, 0xFFFF,
    0xFFFF, 0xFFFF, 0xFFFF, 0xFFFF, 0xFFFF, 0xFFFF, 0xFFFF, 0xFFFF, 0xFFFF, 0xFFFF, 0xFFFF, 0xFFFF,
    0xFFFF, 0xFFFF, 0xFFFF, 0xFFFF, 0xFFFF, 0xFFFF, 0xFFFF, 0xFFFF, 0xFFFF, 0xFFFF, 0xFFFF, 0xFFFF,
    0xFFFF, 0xFFFF, 0xFFFF, 0xFFFF, 0xFFFF, 0xFFFF, 0xFFFF, 0xFFFF, 0xFFFF, 0xFFFF, 0xFFFF, 0xFFFF,
    0xFFFF, 0xFFFF, 0xFFFF, 0xFFFF, 0xFFFF, 0xFFFF, 0xFFFF, 0xFFFF, 0xFFFF, 0xFFFF, 0xFFFF, 0xFFFF,
    0xFFFF, 0xFFFF, 0xFFFF, 0xFFFF, 0xFFFF, 0xFFFF, 0xFFFF, 0xFFFF, 0xFFFF, 0xFFFF, 0xFFFF, 0xFFFF,
    0xFFFF, 0xFFFF, 0xFFFF, 0xFFFF, 0xFFFF, 0xFFFF, 0xFFFF, 0xFFFF, 0xFFFF, 0xFFFF, 0xFFFF, 0xFFFF,
    0xFFFF, 0xFFFF, 0xFFFF, 0xFFFF, 0xFFFF, 0xFFFF, 0xFFFF, 0xBDD7, 0xF79E, 0xFFFF, 0xFFFF, 0xFFFF,
    0xFFFF, 0xFFFF, 0xFFFF, 0xFFFF, 0xFFFF, 0xFFFF, 0xFFFF, 0xFFFF, 0xFFFF, 0xFFFF, 0xFFFF, 0xEF7D,
    0xD6BA, 0xFFFF, 0xFFFF, 0xFFFF, 0xFFFF, 0xFFFF, 0xFFFF, 0xFFFF, 0xFFFF, 0xFFFF, 0xFFFF, 0xFFFF,
    0xFFFF, 0xFFFF, 0xFFFF, 0xFFFF, 0xFFFF, 0xFFFF, 0xFFFF, 0xFFFF, 0xFFFF, 0xFFFF, 0xFFFF, 0xFFFF,
    0xFFFF, 0xFFFF, 0xFFFF, 0xFFFF, 0xFFFF, 0xFFFF, 0xFFFF, 0xFFFF, 0xFFFF, 0xFFFF, 0xFFFF, 0xFFFF,
    0xFFFF, 0xFFFF, 0xFFFF, 0xFFFF, 0xFFFF, 0xFFFF, 0xFFFF, 0xFFFF, 0xFFFF, 0xFFFF, 0xFFFF, 0xFFFF,
    0xFFFF, 0xFFFF, 0xFFFF, 0xFFFF, 0xFFFF, 0xFFFF, 0xFFFF, 0xFFFF, 0xFFFF, 0xFFFF, 0xFFFF, 0xFFFF,
    0xFFFF, 0xFFFF, 0xFFFF, 0xFFFF, 0xFFFF, 0xFFFF, 0xFFFF, 0xFFFF, 0xFFFF, 0xFFFF, 0xFFFF, 0xFFFF,
    0xFFFF, 0xFFFF, 0xFFFF, 0xFFFF, 0xFFFF, 0xFFFF, 0xFFFF, 0xFFFF, 0xFFFF, 0xFFFF, 0xFFFF, 0xFFFF,
    0xFFFF, 0xFFFF, 0xFFFF, 0xFFFF, 0xFFFF, 0xFFFF, 0xFFFF, 0xFFFF, 0xFFFF, 0xFFFF, 0xFFFF, 0xFFFF,
    0xFFFF, 0xFFFF, 0xFFFF, 0xFFFF, 0xFFFF, 0xFFFF, 0xFFFF, 0xFFFF, 0xFFFF, 0xF7BE, 0xF79E, 0xE73C,
    0xEF7D, 0xFFFF, 0xFFFF, 0x6B4D, 0xEF7D, 0xFFFF, 0xFFFF, 0xFFFF, 0xFFFF, 0xFFFF, 0xF79E, 0xF79E,
    0xFFFF, 0xFFFF, 0xFFFF, 0xDEFB, 0x6B4D, 0xA514, 0xFFDF, 0x73AE, 0x73AE, 0xFFFF, 0xFFFF, 0xFFFF,
    0xFFFF, 0xFFFF, 0xFFFF, 0xFFFF, 0xFFFF, 0xFFFF, 0xFFFF, 0xFFFF, 0xFFFF, 0xFFFF, 0xFFFF, 0xFFFF,
    0xFFFF, 0xFFFF, 0xFFFF, 0xFFFF, 0xFFFF, 0xFFFF, 0xFFFF, 0xFFFF, 0xFFFF, 0xFFFF, 0xFFFF, 0xFFFF,
    0xFFFF, 0xFFFF, 0xFFFF, 0xFFFF, 0xFFFF, 0xFFFF, 0xFFFF, 0xFFFF, 0xFFFF, 0xFFFF, 0xFFFF, 0xFFFF,
    0xFFFF, 0xFFFF, 0xFFFF, 0xFFFF, 0xFFFF, 0xFFFF, 0xFFFF, 0xFFFF, 0xFFFF, 0xFFFF, 0xFFFF, 0xFFFF,
    0xFFFF, 0xFFFF, 0xFFFF, 0xFFFF, 0xFFFF, 0xFFFF, 0xFFFF, 0xFFFF, 0xFFFF, 0xFFFF, 0xFFFF, 0xFFFF,
    0xFFFF, 0xFFFF, 0xFFFF, 0xFFFF, 0xFFFF, 0xFFFF, 0xFFFF, 0xFFFF, 0xFFFF, 0xFFFF, 0xFFFF, 0xFFFF,
    0xFFFF, 0xFFFF, 0xFFFF, 0xFFFF, 0xFFFF, 0xFFFF, 0xFFFF, 0xFFFF, 0xFFFF, 0xFFFF, 0xFFFF, 0xFFFF,
    0xFFFF, 0xFFFF, 0xFFFF, 0xFFFF, 0xFFFF, 0xFFFF, 0xFFFF, 0xFFFF, 0xFFFF, 0xFFFF, 0xFFFF, 0xFFFF,
    0xFFFF, 0xFFFF, 0xFFFF, 0xDEFB, 0x6B6D, 0x5AEB, 0x6B6D, 0xB596, 0x528A, 0xB5B6, 0xFFFF, 0x8C51,
    0xDEDB, 0x8410, 0xA514, 0xB596, 0x9CF3, 0x9CF3, 0x4A49, 0x8C51, 0xFFFF, 0xFFFF, 0xFFFF, 0xE73C,
    0x8410, 0xBDF7, 0xFFDF, 0xB596, 0x9CF3, 0xFFFF, 0xFFFF, 0xFFFF, 0xFFFF, 0xFFFF, 0xFFFF, 0xFFFF,
    0xFFFF, 0xFFFF, 0xFFFF, 0xFFFF, 0xFFFF, 0xFFFF, 0xFFFF, 0xFFFF, 0xFFFF, 0xFFFF, 0xFFFF, 0xFFFF,
    0xFFFF, 0xFFFF, 0xFFFF, 0xFFFF, 0xFFFF, 0xFFFF, 0xFFFF, 0xFFFF, 0xFFFF, 0xFFFF, 0xFFFF, 0xFFFF,
    0xFFFF, 0xFFFF, 0xFFFF, 0xFFFF, 0xFFFF, 0xFFFF, 0xFFFF, 0xFFFF, 0xFFFF, 0xFFFF, 0xFFFF, 0xFFFF,
    0xFFFF, 0xFFFF, 0xFFFF, 0xFFFF, 0xFFFF, 0xFFFF, 0xFFFF, 0xFFFF, 0xFFFF, 0xFFFF, 0xFFFF, 0xFFFF,
    0xFFFF, 0xFFFF, 0xFFFF, 0xFFFF, 0xFFFF, 0xFFFF, 0xFFFF, 0xFFFF, 0xFFFF, 0xFFFF, 0xFFFF, 0xFFFF,
    0xFFFF, 0xFFFF, 0xFFFF, 0xFFFF, 0xFFFF, 0xFFFF, 0xFFFF, 0xFFFF, 0xFFFF, 0xFFFF, 0xFFFF, 0xFFFF,
    0xFFFF, 0xFFFF, 0xFFFF, 0xFFFF, 0xFFFF, 0xFFFF, 0xFFFF, 0xFFFF, 0xFFFF, 0xFFFF, 0xFFFF, 0xFFFF,
    0xFFFF, 0xFFFF, 0xFFFF, 0xFFFF, 0xFFFF, 0xFFFF, 0xFFFF, 0xFFFF, 0xFFFF, 0xFFFF, 0xFFFF, 0xCE59,
    0x94B2, 0x9CD3, 0x8C71, 0xE71C, 0x9CD3, 0x94B2, 0xFFFF, 0x7BEF, 0xB5B6, 0x5AEB, 0x94B2, 0xB596,
    0x2124, 0xC638, 0x5ACB, 0x94B2, 0xE73C, 0xCE59, 0xFFFF, 0xF79E, 0x6B6D, 0xB5B6, 0xE73C, 0xF79E,
    0x9CF3, 0xDEDB, 0xEF7D, 0xFFFF, 0xFFFF, 0xFFFF, 0xFFFF, 0xFFFF, 0xFFFF, 0xFFFF, 0xFFFF, 0xFFFF,
    0xFFFF, 0xFFFF, 0xFFFF, 0xFFFF, 0xFFFF, 0xFFFF, 0xFFFF, 0xFFFF, 0xFFFF, 0xFFFF, 0xFFFF, 0xFFFF,
    0xFFFF, 0xFFFF, 0xFFFF, 0xFFFF, 0xFFFF, 0xFFFF, 0xFFFF, 0xFFFF, 0xFFFF, 0xFFFF, 0xFFFF, 0xFFFF,
    0xFFFF, 0xFFFF, 0xFFFF, 0xFFFF, 0xFFFF, 0xFFFF, 0xFFFF, 0xFFFF, 0xFFFF, 0xFFFF, 0xFFFF, 0xFFFF,
    0xFFFF, 0xFFFF, 0xFFFF, 0xFFFF, 0xFFFF, 0xFFFF, 0xFFFF, 0xFFFF, 0xFFFF, 0xFFFF, 0xFFFF, 0xFFFF,
    0xFFFF, 0xFFFF, 0xFFFF, 0xFFFF, 0xFFFF, 0xFFFF, 0xFFFF, 0xFFFF, 0xFFFF, 0xFFFF, 0xFFFF, 0xFFFF,
    0xFFFF, 0xFFFF, 0xFFFF, 0xFFFF, 0xFFFF, 0xFFFF, 0xFFFF, 0xFFFF, 0xFFFF, 0xFFFF, 0xFFFF, 0xFFFF,
    0xFFFF, 0xFFFF, 0xFFFF, 0xFFFF, 0xFFFF, 0xFFFF, 0xFFFF, 0xFFFF, 0xFFFF, 0xFFFF, 0xFFFF, 0xFFFF,
    0xFFFF, 0xFFFF, 0xFFFF, 0xFFFF, 0xFFFF, 0xFFFF, 0xFFFF, 0xFFDF, 0xFFDF, 0xFFDF, 0xEF7D, 0xFFFF,
    0xBDD7, 0xA534, 0xFFFF, 0xCE59, 0xE71C, 0xEF7D, 0xFFDF, 0xF7BE, 0xC638, 0xFFFF, 0xEF5D, 0xDEFB,
    0xB5B6, 0x9CD3, 0xFFFF, 0xF7BE, 0xBDD7, 0xBDF7, 0xF7BE, 0xFFDF, 0xEF7D, 0xD6BA, 0xF79E, 0xFFFF,
    0xFFFF, 0xFFFF, 0xFFFF, 0xFFFF, 0xFFFF, 0xFFFF, 0xFFFF, 0xFFFF, 0xFFFF, 0xFFFF, 0xFFFF, 0xFFFF,
    0xFFFF, 0xFFFF, 0xFFFF, 0xFFFF, 0xFFFF, 0xFFFF, 0xFFFF, 0xFFFF, 0xFFFF, 0xFFFF, 0xFFFF, 0xFFFF,
    0xFFFF, 0xFFFF, 0xFFFF, 0xFFFF, 0xFFFF, 0xFFFF, 0xFFFF, 0xFFFF, 0xFFFF, 0xFFFF, 0xFFFF, 0xFFFF,
    0xFFFF, 0xFFFF, 0xFFFF, 0xFFFF, 0xFFFF, 0xFFFF, 0xFFFF, 0xFFFF, 0xFFFF, 0xFFFF, 0xFFFF, 0xFFFF,
    0xFFFF, 0xFFFF, 0xFFFF, 0xFFFF, 0xFFFF, 0xFFFF, 0xFFFF, 0xFFFF, 0xFFFF, 0xFFFF, 0xFFFF, 0xFFFF,
    0xFFFF, 0xFFFF, 0xFFFF, 0xFFFF, 0xFFFF, 0xFFFF, 0xFFFF, 0xFFFF, 0xFFFF, 0xFFFF, 0xFFFF, 0xFFFF,
    0xFFFF, 0xFFFF, 0xFFFF, 0xFFFF, 0xFFFF, 0xFFFF, 0xFFFF, 0xFFFF, 0xFFFF, 0xFFFF, 0xFFFF, 0xFFFF,
    0xFFFF, 0xFFFF, 0xFFFF, 0xFFFF, 0xFFFF, 0xFFFF, 0xFFFF, 0xFFFF, 0xFFFF, 0xFFFF, 0xFFFF, 0xFFFF,
    0xFFFF, 0xFFFF, 0xFFFF, 0xFFFF, 0xFFFF, 0xFFFF, 0xFFFF, 0xEF7D, 0x7BEF, 0xDEDB, 0xFFFF, 0xFFFF,
    0xFFFF, 0xFFFF, 0xFFFF, 0xFFFF, 0xFFFF, 0xFFFF, 0xFFFF, 0xFFFF, 0xEF5D, 0xFFDF, 0xFFFF, 0xFFFF,
    0xFFFF, 0xFFFF, 0xFFFF, 0xFFFF, 0xFFFF, 0xFFFF, 0xFFFF, 0xFFFF, 0xFFFF, 0xFFFF, 0xFFFF, 0xFFFF,
    0xFFFF, 0xFFFF, 0xFFFF, 0xFFFF, 0xFFFF, 0xFFFF, 0xFFFF, 0xFFFF, 0xFFFF, 0xFFFF, 0xFFFF, 0xFFFF,
    0xFFFF, 0xFFFF, 0xFFFF, 0xFFFF, 0xFFFF, 0xFFFF, 0xFFFF, 0xFFFF, 0xFFFF, 0xFFFF, 0xFFFF, 0xFFFF,
    0xFFFF, 0xFFFF, 0xFFFF, 0xFFFF, 0xFFFF, 0xFFFF, 0xFFFF, 0xFFFF, 0xFFFF, 0xFFFF, 0xFFFF, 0xFFFF,
    0xFFFF, 0xFFFF, 0xFFFF, 0xFFFF, 0xFFFF, 0xFFFF, 0xFFFF, 0xFFFF, 0xFFFF, 0xFFFF, 0xFFFF, 0xFFFF,
    0xFFFF, 0xFFFF, 0xFFFF, 0xFFFF, 0xFFFF, 0xFFFF, 0xFFFF, 0xFFFF, 0xFFFF, 0xFFFF, 0xFFFF, 0xFFFF,
    0xFFFF, 0xFFFF, 0xFFFF, 0xFFFF, 0xFFFF, 0xFFFF, 0xFFFF, 0xFFFF, 0xFFFF, 0xFFFF, 0xFFFF, 0xFFFF,
    0xFFFF, 0xFFFF, 0xFFFF, 0xFFFF, 0xFFFF, 0xFFFF, 0xFFFF, 0xFFFF, 0xFFFF, 0xFFFF, 0xFFFF, 0xFFFF,
    0xFFFF, 0xFFFF, 0xFFFF, 0xFFFF, 0xFFFF, 0xFFFF, 0xFFFF, 0xFFFF, 0xFFFF, 0xFFFF, 0xFFFF, 0xFFFF,
    0xFFFF, 0xFFFF, 0xFFFF, 0xFFFF, 0xFFFF, 0xFFFF, 0xFFFF, 0xFFFF, 0xFFFF, 0xFFFF, 0xFFFF, 0xFFFF,
    0xFFFF, 0xFFFF, 0xFFFF, 0xFFFF, 0xFFFF, 0xFFFF, 0xFFFF, 0xFFFF, 0xFFFF, 0xFFFF, 0xFFFF, 0xFFFF,
    0xFFFF, 0xFFFF, 0xFFFF, 0xFFFF, 0xFFFF, 0xFFFF, 0xFFFF, 0xFFFF, 0xFFFF, 0xFFFF, 0xFFFF, 0xFFFF,
    0xFFFF, 0xFFFF, 0xFFFF, 0xFFFF, 0xFFFF, 0xFFFF, 0xFFFF, 0xFFFF, 0xFFFF, 0xFFFF, 0xFFFF, 0xFFFF,
    0xFFFF, 0xFFFF, 0xFFFF, 0xFFFF, 0xFFFF, 0xFFFF, 0xFFFF, 0xFFFF, 0xFFFF, 0xFFFF, 0xFFFF, 0xFFFF,
    0xFFFF, 0xFFFF, 0xFFFF, 0xFFFF, 0xFFFF, 0xFFFF, 0xFFFF, 0xFFFF, 0xFFFF, 0xFFFF, 0xFFFF, 0xFFFF,
    0xFFFF, 0xFFFF, 0xFFFF, 0xFFFF, 0xFFFF, 0xFFFF, 0xFFFF, 0xFFFF, 0xFFFF, 0xFFFF, 0xFFFF, 0xFFFF,
    0xFFFF, 0xFFFF, 0xFFFF, 0xFFFF, 0xFFFF, 0xFFFF, 0xFFFF, 0xFFFF, 0xFFFF, 0xFFFF, 0xFFFF, 0xFFFF,
    0xFFFF, 0xFFFF, 0xFFFF, 0xFFFF, 0xFFFF, 0xFFFF, 0xFFFF, 0xFFFF, 0xFFFF, 0xFFFF, 0xFFFF, 0xFFFF,
    0xFFFF, 0xFFFF, 0xFFFF, 0xFFFF, 0xFFFF, 0xFFFF, 0xFFFF, 0xFFFF, 0xFFFF, 0xFFFF, 0xFFFF, 0xFFFF,
    0xFFFF, 0xFFFF, 0xFFFF, 0xFFFF, 0xFFFF, 0xFFFF, 0xFFFF, 0xFFFF, 0xFFFF, 0xFFFF, 0xFFFF, 0xFFFF,
    0xFFFF, 0xFFFF, 0xFFFF, 0xFFFF, 0xFFFF, 0xFFFF, 0xFFFF, 0xFFFF, 0xFFFF, 0xFFFF, 0xFFFF, 0xFFFF,
    0xFFFF, 0xFFFF, 0xFFFF, 0xFFFF, 0xFFFF, 0xFFFF, 0xFFFF, 0xFFFF, 0xFFFF, 0xFFFF, 0xFFFF, 0xFFFF,
    0xFFFF, 0xFFFF, 0xFFFF, 0xFFFF, 0xFFFF, 0xFFFF, 0xFFFF, 0xFFFF, 0xFFFF, 0xFFFF, 0xFFFF, 0xFFFF,
    0xFFFF, 0xFFFF, 0xFFFF, 0xFFFF, 0xFFFF, 0xFFFF, 0xFFFF, 0xFFFF, 0xFFFF, 0xFFFF, 0xFFFF, 0xFFFF,
    0xFFFF, 0xFFFF, 0xFFFF, 0xFFFF, 0xFFFF, 0xFFFF, 0xFFFF, 0xFFFF, 0xFFFF, 0xFFFF, 0xFFFF, 0xFFFF,
    0xFFFF, 0xFFFF, 0xFFFF, 0xFFFF, 0xFFFF, 0xFFFF, 0xFFFF, 0xFFFF, 0xFFFF, 0xFFFF, 0xFFFF, 0xFFFF,
    0xFFFF, 0xFFFF, 0xFFFF, 0xFFFF, 0xFFFF, 0xFFFF, 0xFFFF, 0xFFFF, 0xFFFF, 0xFFFF, 0xFFFF, 0xFFFF,
    0xFFFF, 0xFFFF, 0xFFFF, 0xFFFF, 0xFFFF, 0xFFFF, 0xFFFF, 0xFFFF, 0xFFFF, 0xFFFF, 0xFFFF, 0xFFFF,
    0xFFFF, 0xFFFF, 0xFFFF, 0xFFFF, 0xFFFF, 0xFFFF, 0xFFFF, 0xFFFF, 0xFFFF, 0xFFFF, 0xFFFF, 0xFFFF,
    0xFFFF, 0xFFFF, 0xFFFF, 0xFFFF, 0xFFFF, 0xFFFF, 0xFFFF, 0xFFFF, 0xFFFF, 0xFFFF, 0xFFFF, 0xFFFF,
    0xFFFF, 0xFFFF, 0xFFFF, 0xFFFF, 0xFFFF, 0xFFFF, 0xFFFF, 0xFFFF, 0xFFFF, 0xFFFF, 0xFFFF, 0xFFFF,
    0xFFFF, 0xFFFF, 0xFFFF, 0xFFFF, 0xFFFF, 0xFFFF, 0xFFFF, 0xFFFF, 0xFFFF, 0xFFFF, 0xFFFF, 0xFFFF,
    0xFFFF, 0xFFFF, 0xFFFF, 0xFFFF, 0xFFFF, 0xFFFF, 0xFFFF, 0xFFFF, 0xFFFF, 0xFFFF, 0xFFFF, 0xFFFF,
    0xFFFF, 0xFFFF, 0xFFFF, 0xFFFF, 0xFFFF, 0xFFFF, 0xFFFF, 0xFFFF, 0xFFFF, 0xFFFF, 0xFFFF, 0xFFFF,
    0xFFFF, 0xFFFF, 0xFFFF, 0xFFFF, 0xFFFF, 0xFFFF, 0xFFFF, 0xFFFF, 0xFFFF, 0xFFFF, 0xFFFF, 0xFFFF,
    0xFFFF, 0xFFFF, 0xFFFF, 0xFFFF, 0xFFFF, 0xFFFF, 0xFFFF, 0xFFFF, 0xFFFF, 0xFFFF, 0xFFFF, 0xFFFF,
    0xFFFF, 0xFFFF, 0xFFFF, 0xFFFF, 0xFFFF, 0xFFFF, 0xFFFF, 0xFFFF, 0xFFFF, 0xFFFF, 0xFFFF, 0xFFFF,
    0xFFFF, 0xFFFF, 0xFFFF, 0xFFFF, 0xFFFF, 0xFFFF, 0xFFFF, 0xFFFF, 0xFFFF, 0xFFFF, 0xFFFF, 0xFFFF,
    0xFFFF, 0xFFFF, 0xFFFF, 0xFFFF, 0xFFFF, 0xFFFF, 0xFFFF, 0xFFFF, 0xFFFF, 0xFFFF, 0xFFFF, 0xFFFF,
    0xFFFF, 0xFFFF, 0xFFFF, 0xFFFF, 0xFFFF, 0xFFFF, 0xFFFF, 0xFFFF, 0xFFFF, 0xFFFF, 0xFFFF, 0xFFFF,
    0xFFFF, 0xFFFF, 0xFFFF, 0xFFFF, 0xFFFF, 0xFFFF, 0xFFFF, 0xFFFF, 0xFFFF, 0xFFFF, 0xFFFF, 0xFFFF,
    0xFFFF, 0xFFFF, 0xFFFF, 0xFFFF, 0xFFFF, 0xFFFF, 0xFFFF, 0xFFFF, 0xFFFF, 0xFFFF, 0xFFFF, 0xFFFF,
    0xFFFF, 0xFFFF, 0xFFFF, 0xFFFF, 0xFFFF, 0xFFFF, 0xFFFF, 0xFFFF, 0xFFFF, 0xFFFF, 0xFFFF, 0xFFFF,
    0xFFFF, 0xFFFF, 0xFFFF, 0xFFFF, 0xFFFF, 0xFFFF, 0xFFFF, 0xFFFF, 0xFFFF, 0xFFFF, 0xFFFF, 0xFFFF,
    0xFFFF, 0xFFFF, 0xFFFF, 0xFFFF, 0xFFFF, 0xFFFF, 0xFFFF, 0xFFFF, 0xFFFF, 0xFFFF, 0xFFFF, 0xFFFF,
    0xFFFF, 0xFFFF, 0xFFFF, 0xFFFF, 0xFFFF, 0xFFFF, 0xFFFF, 0xFFFF, 0xFFFF, 0xFFFF, 0xFFFF, 0xFFFF,
    0xFFFF, 0xFFFF, 0xFFFF, 0xFFFF, 0xFFFF, 0xFFFF, 0xFFFF, 0xFFFF, 0xFFFF, 0xFFFF, 0xFFFF, 0xFFFF,
    0xFFFF, 0xFFFF, 0xFFFF, 0xFFFF, 0xFFFF, 0xFFFF, 0xFFFF, 0xFFFF, 0xFFFF, 0xFFFF, 0xFFFF, 0xFFFF,
    0xFFFF, 0xFFFF, 0xFFFF, 0xFFFF, 0xFFFF, 0xFFFF, 0xFFFF, 0xFFFF, 0xFFFF, 0xFFFF, 0xFFFF, 0xFFFF,
    0xFFFF, 0xFFFF, 0xFFFF, 0xFFFF, 0xFFFF, 0xFFFF, 0xFFFF, 0xFFFF, 0xFFFF, 0xFFFF, 0xFFFF, 0xFFFF,
    0xFFFF, 0xFFFF, 0xFFFF, 0xFFFF, 0xFFFF, 0xFFFF, 0xFFFF, 0xFFFF, 0xFFFF, 0xFFFF, 0xFFFF, 0xFFFF,
    0xFFFF, 0xFFFF, 0xFFFF, 0xFFFF, 0xFFFF, 0xFFFF, 0xFFFF, 0xFFFF, 0xFFFF, 0xFFFF, 0xFFFF, 0xFFFF,
    0xFFFF, 0xFFFF, 0xFFFF, 0xFFFF, 0xFFFF, 0xFFFF, 0xFFFF, 0xFFFF, 0xFFFF, 0xFFFF, 0xFFFF, 0xFFFF,
    0xFFFF, 0xFFFF, 0xFFFF, 0xFFFF, 0xFFFF, 0xFFFF, 0xFFFF, 0xFFFF, 0xFFFF, 0xFFFF, 0xFFFF, 0xFFFF,
    0xFFFF, 0xFFFF, 0xFFFF, 0xFFFF, 0xFFFF, 0xFFFF, 0xFFFF, 0xFFFF, 0xFFFF, 0xFFFF, 0xFFFF, 0xFFFF,
    0xFFFF, 0xFFFF, 0xFFFF, 0xFFFF, 0xFFFF, 0xFFFF, 0xFFFF, 0xFFFF, 0xFFFF, 0xFFFF, 0xFFFF, 0xFFFF,
    0xFFFF, 0xFFFF, 0xFFFF, 0xFFFF, 0xFFFF, 0xFFFF, 0xFFFF, 0xFFFF, 0xFFFF, 0xFFFF, 0xFFFF, 0xFFFF,
    0xFFFF, 0xFFFF, 0xFFFF, 0xFFFF, 0xFFFF, 0xFFFF, 0xFFFF, 0xFFFF, 0xFFFF, 0xFFFF, 0xFFFF, 0xFFFF,
    0xFFFF, 0xFFFF, 0xFFFF, 0xFFFF, 0xFFFF, 0xFFFF, 0xFFFF, 0xFFFF, 0xFFFF, 0xFFFF, 0xFFFF, 0xFFFF,
    0xFFFF, 0xFFFF, 0xFFFF, 0xFFFF, 0xFFFF, 0xFFFF, 0xFFFF, 0xFFFF, 0xFFFF, 0xFFFF, 0xFFFF, 0xFFFF,
    0xFFFF, 0xFFFF, 0xFFFF, 0xFFFF, 0xFFFF, 0xFFFF, 0xFFFF, 0xFFFF, 0xFFFF, 0xFFFF, 0xFFFF, 0xFFFF,
    0xFFFF, 0xFFFF, 0xFFFF, 0xFFFF, 0xFFFF, 0xFFFF, 0xFFFF, 0xFFFF, 0xFFFF, 0xFFFF, 0xFFFF, 0xFFFF,
    0xFFFF, 0xFFFF, 0xFFFF, 0xFFFF, 0xFFFF, 0xFFFF, 0xFFFF, 0xFFFF, 0xFFFF, 0xFFFF, 0xFFFF, 0xFFFF,
    0xFFFF, 0xFFFF, 0xFFFF, 0xFFFF, 0xFFFF, 0xFFFF, 0xFFFF, 0xFFFF, 0xFFFF, 0xFFFF, 0xFFFF, 0xFFFF,
    0xFFFF, 0xFFFF, 0xFFFF, 0xFFFF, 0xFFFF, 0xFFFF, 0xFFFF, 0xFFFF, 0xFFFF, 0xFFFF, 0xFFFF, 0xFFFF,
    0xFFFF, 0xFFFF, 0xFFFF, 0xFFFF, 0xFFFF, 0xFFFF, 0xFFFF, 0xFFFF, 0xFFFF, 0xFFFF, 0xFFFF, 0xFFFF,
    0xFFFF, 0xFFFF, 0xFFFF, 0xFFFF, 0xFFFF, 0xFFFF, 0xFFFF, 0xFFFF, 0xFFFF, 0xFFFF, 0xFFFF, 0xFFFF,
    0xFFFF, 0xFFFF, 0xFFFF, 0xFFFF, 0xFFFF, 0xFFFF, 0xFFFF, 0xFFFF, 0xFFFF, 0xFFFF, 0xFFFF, 0xFFFF,
    0xFFFF, 0xFFFF, 0xFFFF, 0xFFFF, 0xFFFF, 0xFFFF, 0xFFFF, 0xFFFF, 0xFFFF, 0xFFFF, 0xFFFF, 0xFFFF,
    0xFFFF, 0xFFFF, 0xFFFF, 0xFFFF, 0xFFFF, 0xFFFF, 0xFFFF, 0xFFFF, 0xFFFF, 0xFFFF, 0xFFFF, 0xFFFF,
    0xFFFF, 0xFFFF, 0xFFFF, 0xFFFF, 0xFFFF, 0xFFFF, 0xFFFF, 0xFFFF, 0xFFFF, 0xFFFF, 0xFFFF, 0xFFFF,
    0xFFFF, 0xFFFF, 0xFFFF, 0xFFFF, 0xFFFF, 0xFFFF, 0xFFFF, 0xFFFF, 0xFFFF, 0xFFFF, 0xFFFF, 0xFFFF,
    0xFFFF, 0xFFFF, 0xFFFF, 0xFFFF, 0xFFFF, 0xFFFF, 0xFFFF, 0xFFFF, 0xFFFF, 0xFFFF, 0xFFFF, 0xFFFF,
    0xFFFF, 0xFFFF, 0xFFFF, 0xFFFF, 0xFFFF, 0xFFFF, 0xFFFF, 0xFFFF, 0xFFFF, 0xFFFF, 0xFFFF, 0xFFFF,
    0xFFFF, 0xFFFF, 0xFFFF, 0xFFFF, 0xFFFF, 0xFFFF, 0xFFFF, 0xFFFF, 0xFFFF, 0xFFFF, 0xFFFF, 0xFFFF,
    0xFFFF, 0xFFFF, 0xFFFF, 0xFFFF, 0xFFFF, 0xFFFF, 0xFFFF, 0xFFFF, 0xFFFF, 0xFFFF, 0xFFFF, 0xFFFF,
    0xFFFF, 0xFFFF, 0xFFFF, 0xFFFF, 0xFFFF, 0xFFFF, 0xFFFF, 0xFFFF, 0xFFFF, 0xFFFF, 0xFFFF, 0xFFFF,
    0xFFFF, 0xFFFF, 0xFFFF, 0xFFFF, 0xFFFF, 0xFFFF, 0xFFFF, 0xFFFF, 0xFFFF, 0xFFFF, 0xFFFF, 0xFFFF,
    0xFFFF, 0xFFFF, 0xFFFF, 0xFFFF, 0xFFFF, 0xFFFF, 0xFFFF, 0xFFFF, 0xFFFF, 0xFFFF, 0xFFFF, 0xFFFF,
    0xFFFF, 0xFFFF, 0xFFFF, 0xFFFF, 0xFFFF, 0xFFFF, 0xFFFF, 0xFFFF, 0xFFFF, 0xFFFF, 0xFFFF, 0xFFFF,
    0xFFFF, 0xFFFF, 0xFFFF, 0xFFFF, 0xFFFF, 0xFFFF, 0xFFFF, 0xFFFF, 0xFFFF, 0xFFFF, 0xFFFF, 0xFFFF,
    0xFFFF, 0xFFFF, 0xFFFF, 0xFFFF, 0xFFFF, 0xFFFF, 0xFFFF, 0xFFFF, 0xFFFF, 0xFFFF, 0xFFFF, 0xFFFF,
    0xFFFF, 0xFFFF, 0xFFFF, 0xFFFF, 0xFFFF, 0xFFFF, 0xFFFF, 0xFFFF, 0xFFFF, 0xFFFF, 0xFFFF, 0xFFFF,
    0xFFFF, 0xFFFF, 0xFFFF, 0xFFFF, 0xFFFF, 0xFFFF, 0xFFFF, 0xFFFF, 0xFFFF, 0xFFFF, 0xFFFF, 0xFFFF,
    0xFFFF, 0xFFFF, 0xFFFF, 0xFFFF, 0xFFFF, 0xFFFF, 0xFFFF, 0xFFFF, 0xFFFF, 0xFFFF, 0xFFFF, 0xFFFF,
    0xFFFF, 0xFFFF, 0xFFFF, 0xFFFF, 0xFFFF, 0xFFFF, 0xFFFF, 0xFFFF, 0xFFFF, 0xFFFF, 0xFFFF, 0xFFFF,
    0xFFFF, 0xFFFF, 0xFFFF, 0xFFFF, 0xFFFF, 0xFFFF, 0xFFFF, 0xFFFF, 0xFFFF, 0xFFFF, 0xFFFF, 0xFFFF,
    0xFFFF, 0xFFFF, 0xFFFF, 0xFFFF, 0xFFFF, 0xFFFF, 0xFFFF, 0xFFFF, 0xFFFF, 0xFFFF, 0xFFFF, 0xFFFF,
    0xFFFF, 0xFFFF, 0xFFFF, 0xFFFF, 0xFFFF, 0xFFFF, 0xFFFF, 0xFFFF, 0xFFFF, 0xFFFF, 0xFFFF, 0xFFFF,
    0xFFFF, 0xFFFF, 0xFFFF, 0xFFFF, 0xFFFF, 0xFFFF, 0xFFFF, 0xFFFF, 0xFFFF, 0xFFFF, 0xFFFF, 0xFFFF,
    0xFFFF, 0xFFFF, 0xFFFF, 0xFFFF, 0xFFFF, 0xFFFF, 0xFFFF, 0xFFFF, 0xFFFF, 0xFFFF, 0xFFFF, 0xFFFF,
    0xFFFF, 0xFFFF, 0xFFFF, 0xFFFF, 0xFFFF, 0xFFFF, 0xFFFF, 0xFFFF, 0xFFFF, 0xFFFF, 0xFFFF, 0xFFFF,
    0xFFFF, 0xFFFF, 0xFFFF, 0xFFFF, 0xFFFF, 0xFFFF, 0xFFFF, 0xFFFF, 0xFFFF, 0xFFFF, 0xFFFF, 0xFFFF,
    0xFFFF, 0xFFFF, 0xFFFF, 0xFFFF, 0xFFFF, 0xFFFF, 0xFFFF, 0xFFFF, 0xFFFF, 0xFFFF, 0xFFFF, 0xFFFF,
    0xFFFF, 0xFFFF, 0xFFFF, 0xFFFF, 0xFFFF, 0xFFFF, 0xFFFF, 0xFFFF, 0xFFFF, 0xFFFF, 0xFFFF, 0xFFFF,
    0xFFFF, 0xFFFF, 0xFFFF, 0xFFFF, 0xFFFF, 0xFFFF, 0xFFFF, 0xFFFF, 0xFFFF, 0xFFFF, 0xFFFF, 0xFFFF,
    0xFFFF, 0xFFFF, 0xFFFF, 0xFFFF, 0xFFFF, 0xFFFF, 0xFFFF, 0xFFFF, 0xFFFF, 0xFFFF, 0xFFFF, 0xFFFF,
    0xFFFF, 0xFFFF, 0xFFFF, 0xFFFF, 0xFFFF, 0xFFFF, 0xFFFF, 0xFFFF, 0xFFFF, 0xFFFF, 0xFFFF, 0xFFFF,
    0xFFFF, 0xFFFF, 0xFFFF, 0xFFFF, 0xFFFF, 0xFFFF, 0xFFFF, 0xFFFF, 0xFFFF, 0xFFFF, 0xFFFF, 0xFFFF,
    0xFFFF, 0xFFFF, 0xFFFF, 0xFFFF, 0xFFFF, 0xFFFF, 0xFFFF, 0xFFFF, 0xFFFF, 0xFFFF, 0xFFFF, 0xFFFF,
    0xFFFF, 0xFFFF, 0xFFFF, 0xFFFF, 0xFFFF, 0xFFFF, 0xFFFF, 0xFFFF, 0xFFFF, 0xFFFF, 0xFFFF, 0xFFFF,
    0xFFFF, 0xFFFF, 0xFFFF, 0xFFFF, 0xFFFF, 0xFFFF, 0xFFFF, 0xFFFF, 0xFFFF, 0xFFFF, 0xFFFF, 0xFFFF,
    0xFFFF, 0xFFFF, 0xFFFF, 0xFFFF, 0xFFFF, 0xFFFF, 0xFFFF, 0xFFFF, 0xFFFF, 0xFFFF, 0xFFFF, 0xFFFF,
    0xFFFF, 0xFFFF, 0xFFFF, 0xFFFF, 0xFFFF, 0xFFFF, 0xFFFF, 0xFFFF, 0xFFFF, 0xFFFF, 0xFFFF, 0xFFFF,
    0xFFFF, 0xFFFF, 0xFFFF, 0xFFFF, 0xFFFF, 0xFFFF, 0xFFFF, 0xFFFF, 0xFFFF, 0xFFFF, 0xFFFF, 0xFFFF,
    0xFFFF, 0xFFFF, 0xFFFF, 0xFFFF, 0xFFFF, 0xFFFF, 0xFFFF, 0xFFFF, 0xFFFF, 0xFFFF, 0xFFFF, 0xFFFF,
    0xFFFF, 0xFFFF, 0xFFFF, 0xFFFF, 0xFFFF, 0xFFFF, 0xFFFF, 0xFFFF, 0xFFFF, 0xFFFF, 0xFFFF, 0xFFFF,
    0xFFFF, 0xFFFF, 0xFFFF, 0xFFFF, 0xFFFF, 0xFFFF, 0xFFFF, 0xFFFF, 0xFFFF, 0xFFFF, 0xFFFF, 0xFFFF,
    0xFFFF, 0xFFFF, 0xFFFF, 0xFFFF, 0xFFFF, 0xFFFF, 0xFFFF, 0xFFFF, 0xFFFF, 0xFFFF, 0xFFFF, 0xFFFF,
    0xFFFF, 0xFFFF, 0xFFFF, 0xFFFF, 0xFFFF, 0xFFFF, 0xFFFF, 0xFFFF, 0xFFFF, 0xFFFF, 0xFFFF, 0xFFFF,
    0xFFFF, 0xFFFF, 0xFFFF, 0xFFFF, 0xFFFF, 0xFFFF, 0xFFFF, 0xFFFF, 0xFFFF, 0xFFFF, 0xFFFF, 0xFFFF,
    0xFFFF, 0xFFFF, 0xFFFF, 0xFFFF, 0xFFFF, 0xFFFF, 0xFFFF, 0xFFFF, 0xFFFF, 0xFFFF, 0xFFFF, 0xFFFF,
    0xFFFF, 0xFFFF, 0xFFFF, 0xFFFF, 0xFFFF, 0xFFFF, 0xFFFF, 0xFFFF, 0xFFFF, 0xFFFF, 0xFFFF, 0xFFFF,
    0xFFFF, 0xFFFF, 0xFFFF, 0xFFFF, 0xFFFF, 0xFFFF, 0xFFFF, 0xFFFF, 0xFFFF, 0xFFFF, 0xFFFF, 0xFFFF,
    0xFFFF, 0xFFFF, 0xFFFF, 0xFFFF, 0xFFFF, 0xFFFF, 0xFFFF, 0xFFFF, 0xFFFF, 0xFFFF, 0xFFFF, 0xFFFF,
    0xFFFF, 0xFFFF, 0xFFFF, 0xFFFF, 0xFFFF, 0xFFFF, 0xFFFF, 0xFFFF, 0xFFFF, 0xFFFF, 0xFFFF, 0xFFFF,
    0xFFFF, 0xFFFF, 0xFFFF, 0xFFFF, 0xFFFF, 0xFFFF, 0xFFFF, 0xFFFF, 0xFFFF, 0xFFFF, 0xFFFF, 0xFFFF,
    0xFFFF, 0xFFFF, 0xFFFF, 0xFFFF, 0xFFFF, 0xFFFF, 0xFFFF, 0xFFFF, 0xFFFF, 0xFFFF, 0xFFFF, 0xFFFF,
    0xFFFF, 0xFFFF, 0xFFFF, 0xFFFF, 0xFFFF, 0xFFFF, 0xFFFF, 0xFFFF, 0xFFFF, 0xFFFF, 0xFFFF, 0xFFFF,
    0xFFFF, 0xFFFF, 0xFFFF, 0xFFFF, 0xFFFF, 0xFFFF, 0xFFFF, 0xFFFF, 0xFFFF, 0xFFFF, 0xFFFF, 0xFFFF,
    0xFFFF, 0xFFFF, 0xFFFF, 0xFFFF, 0xFFFF, 0xFFFF, 0xFFFF, 0xFFFF, 0xFFFF, 0xFFFF, 0xFFFF, 0xFFFF,
    0xFFFF, 0xFFFF, 0xFFFF, 0xFFFF, 0xFFFF, 0xFFFF, 0xFFFF, 0xFFFF, 0xFFFF, 0xFFFF, 0xFFFF, 0xFFFF,
    0xFFFF, 0xFFFF, 0xFFFF, 0xFFFF, 0xFFFF, 0xFFFF, 0xFFFF, 0xFFFF, 0xFFFF, 0xFFFF, 0xFFFF, 0xFFFF,
    0xFFFF, 0xFFFF, 0xFFFF, 0xFFFF, 0xFFFF, 0xFFFF, 0xFFFF, 0xFFFF, 0xFFFF, 0xFFFF, 0xFFFF, 0xFFFF,
    0xFFFF, 0xFFFF, 0xFFFF, 0xFFFF, 0xFFFF, 0xFFFF, 0xFFFF, 0xFFFF, 0xFFFF, 0xFFFF, 0xFFFF, 0xFFFF,
    0xFFFF, 0xFFFF, 0xFFFF, 0xFFFF, 0xFFFF, 0xFFFF, 0xFFFF, 0xFFFF, 0xFFFF, 0xFFFF, 0xFFFF, 0xFFFF,
    0xFFFF, 0xFFFF, 0xFFFF, 0xFFFF, 0xFFFF, 0xFFFF, 0xFFFF, 0xFFFF, 0xFFFF, 0xFFFF, 0xFFFF, 0xFFFF,
    0xFFFF, 0xFFFF, 0xFFFF, 0xFFFF, 0xFFFF, 0xFFFF, 0xFFFF, 0xFFFF, 0xFFFF, 0xFFFF, 0xFFFF, 0xFFFF,
    0xFFFF, 0xFFFF, 0xFFFF, 0xFFFF, 0xFFFF, 0xFFFF, 0xFFFF, 0xFFFF, 0xFFFF, 0xFFFF, 0xFFFF, 0xFFFF,
    0xFFFF, 0xFFFF, 0xFFFF, 0xFFFF, 0xFFFF, 0xFFFF, 0xFFFF, 0xFFFF, 0xFFFF, 0xFFFF, 0xFFFF, 0xFFFF,
    0xFFFF, 0xFFFF, 0xFFFF, 0xFFFF, 0xFFFF, 0xFFFF, 0xFFFF, 0xFFFF, 0xFFFF, 0xFFFF, 0xFFFF, 0xFFFF,
    0xFFFF, 0xFFFF, 0xFFFF, 0xFFFF, 0xFFFF, 0xFFFF, 0xFFFF, 0xFFFF, 0xFFFF, 0xFFFF, 0xFFFF, 0xFFFF,
    0xFFFF, 0xFFFF, 0xFFFF, 0xFFFF, 0xFFFF, 0xFFFF, 0xFFFF, 0xFFFF, 0xFFFF, 0xFFFF, 0xFFFF, 0xFFFF,
    0xFFFF, 0xFFFF, 0xFFFF, 0xFFFF, 0xFFFF, 0xFFFF, 0xFFFF, 0xFFFF, 0xFFFF, 0xFFFF, 0xFFFF, 0xFFFF,
    0xFFFF, 0xFFFF, 0xFFFF, 0xFFFF, 0xFFFF, 0xFFFF, 0xFFFF, 0xFFFF, 0xFFFF, 0xFFFF, 0xFFFF, 0xFFFF,
    0xFFFF, 0xFFFF, 0xFFFF, 0xFFFF, 0xFFFF, 0xFFFF, 0xFFFF, 0xFFFF, 0xFFFF, 0xFFFF, 0xFFFF, 0xFFFF,
    0xFFFF, 0xFFFF, 0xFFFF, 0xFFFF, 0xFFFF, 0xFFFF, 0xFFFF, 0xFFFF, 0xFFFF, 0xFFFF, 0xFFFF, 0xFFFF,
    0xFFFF, 0xFFFF, 0xFFFF, 0xFFFF, 0xFFFF, 0xFFFF, 0xFFFF, 0xFFFF, 0xFFFF, 0xFFFF, 0xFFFF, 0xFFFF,
    0xFFFF, 0xFFFF, 0xFFFF, 0xFFFF, 0xFFFF, 0xFFFF, 0xFFFF, 0xFFFF, 0xFFFF, 0xFFFF, 0xFFFF, 0xFFFF,
    0xFFFF, 0xFFFF, 0xFFFF, 0xFFFF, 0xFFFF, 0xFFFF, 0xFFFF, 0xFFFF, 0xFFFF, 0xFFFF, 0xFFFF, 0xFFFF,
    0xFFFF, 0xFFFF, 0xFFFF, 0xFFFF, 0xFFFF, 0xFFFF, 0xFFFF, 0xFFFF, 0xFFFF, 0xFFFF, 0xFFFF, 0xFFFF,
    0xFFFF, 0xFFFF, 0xFFFF, 0xFFFF, 0xFFFF, 0xFFFF, 0xFFFF, 0xFFFF, 0xFFFF, 0xFFFF, 0xFFFF, 0xFFFF,
    0xFFFF, 0xFFFF, 0xFFFF, 0xFFFF, 0xFFFF, 0xFFFF, 0xFFFF, 0xFFFF, 0xFFFF, 0xFFFF, 0xFFFF, 0xFFFF,
    0xFFFF, 0xFFFF, 0xFFFF, 0xFFFF, 0xFFFF, 0xFFFF, 0xFFFF, 0xFFFF, 0xFFFF, 0xFFFF, 0xFFFF, 0xFFFF,
    0xFFFF, 0xFFFF, 0xFFFF, 0xFFFF, 0xFFFF, 0xFFFF, 0xFFFF, 0xFFFF, 0xFFFF, 0xFFFF, 0xFFFF, 0xFFFF,
    0xFFFF, 0xFFFF, 0xFFFF, 0xFFFF, 0xFFFF, 0xFFFF, 0xFFFF, 0xFFFF, 0xFFFF, 0xFFFF, 0xFFFF, 0xFFFF,
    0xFFFF, 0xFFFF, 0xFFFF, 0xFFFF, 0xFFFF, 0xFFFF, 0xFFFF, 0xFFFF, 0xFFFF, 0xFFFF, 0xFFFF, 0xFFFF,
    0xFFFF, 0xFFFF, 0xFFFF, 0xFFFF, 0xFFFF, 0xFFFF, 0xFFFF, 0xFFFF, 0xFFFF, 0xFFFF, 0xFFFF, 0xFFFF,
    0xFFFF, 0xFFFF, 0xFFFF, 0xFFFF, 0xFFFF, 0xFFFF, 0xFFFF, 0xFFFF, 0xFFFF, 0xFFFF, 0xFFFF, 0xFFFF,
    0xFFFF, 0xFFFF, 0xFFFF, 0xFFFF, 0xFFFF, 0xFFFF, 0xFFFF, 0xFFFF, 0xFFFF, 0xFFFF, 0xFFFF, 0xFFFF,
    0xFFFF, 0xFFFF, 0xFFFF, 0xFFFF, 0xFFFF, 0xFFFF, 0xFFFF, 0xFFFF, 0xFFFF, 0xFFFF, 0xFFFF, 0xFFFF,
    0xFFFF, 0xFFFF, 0xFFFF, 0xFFFF, 0xFFFF, 0xFFFF, 0xFFFF, 0xFFFF, 0xFFFF, 0xFFFF, 0xFFFF, 0xFFFF,
    0xFFFF, 0xFFFF, 0xFFFF, 0xFFFF, 0xFFFF, 0xFFFF, 0xFFFF, 0xFFFF, 0xFFFF, 0xFFFF, 0xFFFF, 0xFFFF,
    0xFFFF, 0xFFFF, 0xFFFF, 0xFFFF, 0xFFFF, 0xFFFF, 0xFFFF, 0xFFFF, 0xFFFF, 0xFFFF, 0xFFFF, 0xFFFF,
    0xFFFF, 0xFFFF, 0xFFFF, 0xFFFF, 0xFFFF, 0xFFFF, 0xFFFF, 0xFFFF, 0xFFFF, 0xFFFF, 0xFFFF, 0xFFFF,
    0xFFFF, 0xFFFF, 0xFFFF, 0xFFFF, 0xFFFF, 0xFFFF, 0xFFFF, 0xFFFF, 0xFFFF, 0xFFFF, 0xFFFF, 0xFFFF,
    0xFFFF, 0xFFFF, 0xFFFF, 0xFFFF, 0xFFFF, 0xFFFF, 0xFFFF, 0xFFFF, 0xFFFF, 0xFFFF, 0xFFFF, 0xFFFF,
    0xFFFF, 0xFFFF, 0xFFFF, 0xFFFF, 0xFFFF, 0xFFFF, 0xFFFF, 0xFFFF, 0xFFFF, 0xFFFF, 0xFFFF, 0xFFFF,
    0xFFFF, 0xFFFF, 0xFFFF, 0xFFFF, 0xFFFF, 0xFFFF, 0xFFFF, 0xFFFF, 0xFFFF, 0xFFFF, 0xFFFF, 0xFFFF,
    0xFFFF, 0xFFFF, 0xFFFF, 0xFFFF, 0xFFFF, 0xFFFF, 0xFFFF, 0xFFFF, 0xFFFF, 0xFFFF, 0xFFFF, 0xFFFF,
    0xFFFF, 0xFFFF, 0xFFFF, 0xFFFF, 0xFFFF, 0xFFFF, 0xFFFF, 0xFFFF, 0xFFFF, 0xFFFF, 0xFFFF, 0xFFFF,
    0xFFFF, 0xFFFF, 0xFFFF, 0xFFFF, 0xFFFF, 0xFFFF, 0xFFFF, 0xFFFF, 0xFFFF, 0xFFFF, 0xFFFF, 0xFFFF,
    0xFFFF, 0xFFFF, 0xFFFF, 0xFFFF, 0xFFFF, 0xFFFF, 0xFFFF, 0xFFFF, 0xFFFF, 0xFFFF, 0xFFFF, 0xFFFF,
    0xFFFF, 0xFFFF, 0xFFFF, 0xFFFF, 0xFFFF, 0xFFFF, 0xFFFF, 0xFFFF, 0xFFFF, 0xFFFF, 0xFFFF, 0xFFFF,
    0xFFFF, 0xFFFF, 0xFFFF, 0xFFFF, 0xFFFF, 0xFFFF, 0xFFFF, 0xFFFF, 0xFFFF, 0xFFFF, 0xFFFF, 0xFFFF,
    0xFFFF, 0xFFFF, 0xFFFF, 0xFFFF, 0xFFFF, 0xFFFF, 0xFFFF, 0xFFFF, 0xFFFF, 0xFFFF, 0xFFFF, 0xFFFF,
    0xFFFF, 0xFFFF, 0xFFFF, 0xFFFF, 0xFFFF, 0xFFFF, 0xFFFF, 0xFFFF, 0xFFFF, 0xFFFF, 0xFFFF, 0xFFFF,
    0xFFFF, 0xFFFF, 0xFFFF, 0xFFFF, 0xFFFF, 0xFFFF, 0xFFFF, 0xFFFF, 0xFFFF, 0xFFFF, 0xFFFF, 0xFFFF,
    0xFFFF, 0xFFFF, 0xFFFF, 0xFFFF, 0xFFFF, 0xFFFF, 0xFFFF, 0xFFFF, 0xFFFF, 0xFFFF, 0xFFFF, 0xFFFF,
    0xFFFF, 0xFFFF, 0xFFFF, 0xFFFF, 0xFFFF, 0xFFFF, 0xFFFF, 0xFFFF, 0xFFFF, 0xFFFF, 0xFFFF, 0xFFFF,
    0xFFFF, 0xFFFF, 0xFFFF, 0xFFFF, 0xFFFF, 0xFFFF, 0xFFFF, 0xFFFF, 0xFFFF, 0xFFFF, 0xFFFF, 0xFFFF,
    0xFFFF, 0xFFFF, 0xFFFF, 0xFFFF, 0xFFFF, 0xFFFF, 0xFFFF, 0xFFFF, 0xFFFF, 0xFFFF, 0xFFFF, 0xFFFF,
    0xFFFF, 0xFFFF, 0xFFFF, 0xFFFF, 0xFFFF, 0xFFFF, 0xFFFF, 0xFFFF, 0xFFFF, 0xFFFF, 0xFFFF, 0xFFFF,
    0xFFFF, 0xFFFF, 0xFFFF, 0xFFFF, 0xFFFF, 0xFFFF, 0xFFFF, 0xFFFF, 0xFFFF, 0xFFFF, 0xFFFF, 0xFFFF,
    0xFFFF, 0xFFFF, 0xFFFF, 0xFFFF, 0xFFFF, 0xFFFF, 0xFFFF, 0xFFFF, 0xFFFF, 0xFFFF, 0xFFFF, 0xFFFF,
    0xFFFF, 0xFFFF, 0xFFFF, 0xFFFF, 0xFFFF, 0xFFFF, 0xFFFF, 0xFFFF, 0xFFFF, 0xFFFF, 0xFFFF, 0xFFFF,
    0xFFFF, 0xFFFF, 0xFFFF, 0xFFFF, 0xFFFF, 0xFFFF, 0xFFFF, 0xFFFF, 0xFFFF, 0xFFFF, 0xFFFF, 0xFFFF,
    0xFFFF, 0xFFFF, 0xFFFF, 0xFFFF, 0xFFFF, 0xFFFF, 0xFFFF, 0xFFFF, 0xFFFF, 0xFFFF, 0xFFFF, 0xFFFF,
    0xFFFF, 0xFFFF, 0xFFFF, 0xFFFF, 0xFFFF, 0xFFFF, 0xFFFF, 0xFFFF, 0xFFFF, 0xFFFF, 0xFFFF, 0xFFFF,
    0xFFFF, 0xFFFF, 0xFFFF, 0xFFFF, 0xFFFF, 0xFFFF, 0xFFFF, 0xFFFF, 0xFFFF, 0xFFFF, 0xFFFF, 0xFFFF,
    0xFFFF, 0xFFFF, 0xFFFF, 0xFFFF, 0xFFFF, 0xFFFF, 0xFFFF, 0xFFFF, 0xFFFF, 0xFFFF, 0xFFFF, 0xFFFF,
    0xFFFF, 0xFFFF, 0xFFFF, 0xFFFF, 0xFFFF, 0xFFFF, 0xFFFF, 0xFFFF, 0xFFFF, 0xFFFF, 0xFFFF, 0xFFFF,
    0xFFFF, 0xFFFF, 0xFFFF, 0xFFFF, 0xFFFF, 0xFFFF, 0xFFFF, 0xFFFF, 0xFFFF, 0xFFFF, 0xFFFF, 0xFFFF,
    0xFFFF, 0xFFFF, 0xFFFF, 0xFFFF, 0xFFFF, 0xFFFF, 0xFFFF, 0xFFFF, 0xFFFF, 0xFFFF, 0xFFFF, 0xFFFF,
    0xFFFF, 0xFFFF, 0xFFFF, 0xFFFF, 0xFFFF, 0xFFFF, 0xFFFF, 0xFFFF, 0xFFFF, 0xFFFF, 0xFFFF, 0xFFFF,
    0xFFFF, 0xFFFF, 0xFFFF, 0xFFFF, 0xFFFF, 0xFFFF, 0xFFFF, 0xFFFF, 0xFFFF, 0xFFFF, 0xFFFF, 0xFFFF,
    0xFFFF, 0xFFFF, 0xFFFF, 0xFFFF, 0xFFFF, 0xFFFF, 0xFFFF, 0xFFFF, 0xFFFF, 0xFFFF, 0xFFFF, 0xFFFF,
    0xFFFF, 0xFFFF, 0xFFFF, 0xFFFF, 0xFFFF, 0xFFFF, 0xFFFF, 0xFFFF, 0xFFFF, 0xFFFF, 0xFFFF, 0xFFFF,
    0xFFFF, 0xFFFF, 0xFFFF, 0xFFFF, 0xFFFF, 0xFFFF, 0xFFFF, 0xFFFF, 0xFFFF, 0xFFFF, 0xFFFF, 0xFFFF,
    0xFFFF, 0xFFFF, 0xFFFF, 0xFFFF, 0xFFFF, 0xFFFF, 0xFFFF, 0xFFFF, 0xFFFF, 0xFFFF, 0xFFFF, 0xFFFF,
    0xFFFF, 0xFFFF, 0xFFFF, 0xFFFF, 0xFFFF, 0xFFFF, 0xFFFF, 0xFFFF, 0xFFFF, 0xFFFF, 0xFFFF, 0xFFFF,
    0xFFFF, 0xFFFF, 0xFFFF, 0xFFFF, 0xFFFF, 0xFFFF, 0xFFFF, 0xFFFF, 0xFFFF, 0xFFFF, 0xFFFF, 0xFFFF,
    0xFFFF, 0xFFFF, 0xFFFF, 0xFFFF, 0xFFFF, 0xFFFF, 0xFFFF, 0xFFFF, 0xFFFF, 0xFFFF, 0xFFFF, 0xFFFF,
    0xFFFF, 0xFFFF, 0xFFFF, 0xFFFF, 0xFFFF, 0xFFFF, 0xFFFF, 0xFFFF, 0xFFFF, 0xFFFF, 0xFFFF, 0xFFFF,
    0xFFFF, 0xFFFF, 0xFFFF, 0xFFFF, 0xFFFF, 0xFFFF, 0xFFFF, 0xFFFF, 0xFFFF, 0xFFFF, 0xFFFF, 0xFFFF,
    0xFFFF, 0xFFFF, 0xFFFF, 0xFFFF, 0xFFFF, 0xFFFF, 0xFFFF, 0xFFFF, 0xFFFF, 0xFFFF, 0xFFFF, 0xFFFF,
    0xFFFF, 0xFFFF, 0xFFFF, 0xFFFF, 0xFFFF, 0xFFFF, 0xFFFF, 0xFFFF, 0xFFFF, 0xFFFF, 0xFFFF, 0xFFFF,
    0xFFFF, 0xFFFF, 0xFFFF, 0xFFFF, 0xFFFF, 0xFFFF, 0xFFFF, 0xFFFF, 0xFFFF, 0xFFFF, 0xFFFF, 0xFFFF,
    0xFFFF, 0xFFFF, 0xFFFF, 0xFFFF, 0xFFFF, 0xFFFF, 0xFFFF, 0xFFFF, 0xFFFF, 0xFFFF, 0xFFFF, 0xFFFF,
    0xFFFF, 0xFFFF, 0xFFFF, 0xFFFF, 0xFFFF, 0xFFFF, 0xFFFF, 0xFFFF, 0xFFFF, 0xFFFF, 0xFFFF, 0xFFFF,
    0xFFFF, 0xFFFF, 0xFFFF, 0xFFFF, 0xFFFF, 0xFFFF, 0xFFFF, 0xFFFF, 0xFFFF, 0xFFFF, 0xFFFF, 0xFFFF,
    0xFFFF, 0xFFFF, 0xFFFF, 0xFFFF, 0xFFFF, 0xFFFF, 0xFFFF, 0xFFFF, 0xFFFF, 0xFFFF, 0xFFFF, 0xFFFF,
    0xFFFF, 0xFFFF, 0xFFFF, 0xFFFF, 0xFFFF, 0xFFFF, 0xFFFF, 0xFFFF, 0xFFFF, 0xFFFF, 0xFFFF, 0xFFFF,
    0xFFFF, 0xFFFF, 0xFFFF, 0xFFFF, 0xFFFF, 0xFFFF, 0xFFFF, 0xFFFF, 0xFFFF, 0xFFFF, 0xFFFF, 0xFFFF,
    0xFFFF, 0xFFFF, 0xFFFF, 0xFFFF, 0xFFFF, 0xFFFF, 0xFFFF, 0xFFFF, 0xFFFF, 0xFFFF, 0xFFFF, 0xFFFF,
    0xFFFF, 0xFFFF, 0xFFFF, 0xFFFF, 0xFFFF, 0xFFFF, 0xFFFF, 0xFFFF, 0xFFFF, 0xFFFF, 0xFFFF, 0xFFFF,
    0xFFFF, 0xFFFF, 0xFFFF, 0xFFFF, 0xFFFF, 0xFFFF, 0xFFFF, 0xFFFF, 0xFFFF, 0xFFFF, 0xFFFF, 0xFFFF,
    0xFFFF, 0xFFFF, 0xFFFF, 0xFFFF, 0xFFFF, 0xFFFF, 0xFFFF, 0xFFFF, 0xFFFF, 0xFFFF, 0xFFFF, 0xFFFF,
    0xFFFF, 0xFFFF, 0xFFFF, 0xFFFF, 0xFFFF, 0xFFFF, 0xFFFF, 0xFFFF, 0xFFFF, 0xFFFF, 0xFFFF, 0xFFFF,
    0xFFFF, 0xFFFF, 0xFFFF, 0xFFFF, 0xFFFF, 0xFFFF, 0xFFFF, 0xFFFF, 0xFFFF, 0xFFFF, 0xFFFF, 0xFFFF,
    0xFFFF, 0xFFFF, 0xFFFF, 0xFFFF, 0xFFFF, 0xFFFF, 0xFFFF, 0xFFFF, 0xFFFF, 0xFFFF, 0xFFFF, 0xFFFF,
    0xFFFF, 0xFFFF, 0xFFFF, 0xFFFF, 0xFFFF, 0xFFFF, 0xFFFF, 0xFFFF, 0xFFFF, 0xFFFF, 0xFFFF, 0xFFFF,
    0xFFFF, 0xFFFF, 0xFFFF, 0xFFFF, 0xFFFF, 0xFFFF, 0xFFFF, 0xFFFF, 0xFFFF, 0xFFFF, 0xFFFF, 0xFFFF,
    0xFFFF, 0xFFFF, 0xFFFF, 0xFFFF, 0xFFFF, 0xFFFF, 0xFFFF, 0xFFFF, 0xFFFF, 0xFFFF, 0xFFFF, 0xFFFF,
    0xFFFF, 0xFFFF, 0xFFFF, 0xFFFF, 0xFFFF, 0xFFFF, 0xFFFF, 0xFFFF, 0xFFFF, 0xFFFF, 0xFFFF, 0xFFFF,
    0xFFFF, 0xFFFF, 0xFFFF, 0xFFFF, 0xFFFF, 0xFFFF, 0xFFFF, 0xFFFF, 0xFFFF, 0xFFFF, 0xFFFF, 0xFFFF,
    0xFFFF, 0xFFFF, 0xFFFF, 0xFFFF, 0xFFFF, 0xFFFF, 0xFFFF, 0xFFFF, 0xFFFF, 0xFFFF, 0xFFFF, 0xFFFF,
    0xFFFF, 0xFFFF, 0xFFFF, 0xFFFF, 0xFFFF, 0xFFFF, 0xFFFF, 0xFFFF, 0xFFFF, 0xFFFF, 0xFFFF, 0xFFFF,
    0xFFFF, 0xFFFF, 0xFFFF, 0xFFFF, 0xFFFF, 0xFFFF, 0xFFFF, 0xFFFF, 0xFFFF, 0xFFFF, 0xFFFF, 0xFFFF,
    0xFFFF, 0xFFFF, 0xFFFF, 0xFFFF, 0xFFFF, 0xFFFF, 0xFFFF, 0xFFFF, 0xFFFF, 0xFFFF, 0xFFFF, 0xFFFF,
    0xFFFF, 0xFFFF, 0xFFFF, 0xFFFF, 0xFFFF, 0xFFFF, 0xFFFF, 0xFFFF, 0xFFFF, 0xFFFF, 0xFFFF, 0xFFFF,
    0xFFFF, 0xFFFF, 0xFFFF, 0xFFFF, 0xFFFF, 0xFFFF, 0xFFFF, 0xFFFF, 0xFFFF, 0xFFFF, 0xFFFF, 0xFFFF,
    0xFFFF, 0xFFFF, 0xFFFF, 0xFFFF, 0xFFFF, 0xFFFF, 0xFFFF, 0xFFFF, 0xFFFF, 0xFFFF, 0xFFFF, 0xFFFF,
    0xFFFF, 0xFFFF, 0xFFFF, 0xFFFF, 0xFFFF, 0xFFFF, 0xFFFF, 0xFFFF, 0xFFFF, 0xFFFF, 0xFFFF, 0xFFFF,
    0xFFFF, 0xFFFF, 0xFFFF, 0xFFFF, 0xFFFF, 0xFFFF, 0xFFFF, 0xFFFF, 0xFFFF, 0xFFFF, 0xFFFF, 0xFFFF,
    0xFFFF, 0xFFFF, 0xFFFF, 0xFFFF, 0xFFFF, 0xFFFF, 0xFFFF, 0xFFFF, 0xFFFF, 0xFFFF, 0xFFFF, 0xFFFF,
    0xFFFF, 0xFFFF, 0xFFFF, 0xFFFF, 0xFFFF, 0xFFFF, 0xFFFF, 0xFFFF, 0xFFFF, 0xFFFF, 0xFFFF, 0xFFFF,
    0xFFFF, 0xFFFF, 0xFFFF, 0xFFFF, 0xFFFF, 0xFFFF, 0xFFFF, 0xFFFF, 0xFFFF, 0xFFFF, 0xFFFF, 0xFFFF,
    0xFFFF, 0xFFFF, 0xFFFF, 0xFFFF, 0xFFFF, 0xFFFF, 0xFFFF, 0xFFFF, 0xFFFF, 0xFFFF, 0xFFFF, 0xFFFF,
    0xFFFF, 0xFFFF, 0xFFFF, 0xFFFF, 0xFFFF, 0xFFFF, 0xFFFF, 0xFFFF, 0xFFFF, 0xFFFF, 0xFFFF, 0xFFFF,
    0xFFFF, 0xFFFF, 0xFFFF, 0xFFFF, 0xFFFF, 0xFFFF, 0xFFFF, 0xFFFF, 0xFFFF, 0xFFFF, 0xFFFF, 0xFFFF,
    0xFFFF, 0xFFFF, 0xFFFF, 0xFFFF, 0xFFFF, 0xFFFF, 0xFFFF, 0xFFFF, 0xFFFF, 0xFFFF, 0xFFFF, 0xFFFF,
    0xFFFF, 0xFFFF, 0xFFFF, 0xFFFF, 0xFFFF, 0xFFFF, 0xFFFF, 0xFFFF, 0xFFFF, 0xFFFF, 0xFFFF, 0xFFFF,
    0xFFFF, 0xFFFF, 0xFFFF, 0xFFFF, 0xFFFF, 0xFFFF, 0xFFFF, 0xFFFF, 0xFFFF, 0xFFFF, 0xFFFF, 0xFFFF,
    0xFFFF, 0xFFFF, 0xFFFF, 0xFFFF, 0xFFFF, 0xFFFF, 0xFFFF, 0xFFFF, 0xFFFF, 0xFFFF, 0xFFFF, 0xFFFF,
    0xFFFF, 0xFFFF, 0xFFFF, 0xFFFF, 0xFFFF, 0xFFFF, 0xFFFF, 0xFFFF, 0xFFFF, 0xFFFF, 0xFFFF, 0xFFFF,
    0xFFFF, 0xFFFF, 0xFFFF, 0xFFFF, 0xFFFF, 0xFFFF, 0xFFFF, 0xFFFF, 0xFFFF, 0xFFFF, 0xFFFF, 0xFFFF,
    0xFFFF, 0xFFFF, 0xFFFF, 0xFFFF, 0xFFFF, 0xFFFF, 0xFFFF, 0xFFFF, 0xFFFF, 0xFFFF, 0xFFFF, 0xFFFF,
    0xFFFF, 0xFFFF, 0xFFFF, 0xFFFF, 0xFFFF, 0xFFFF, 0xFFFF, 0xFFFF, 0xFFFF, 0xFFFF, 0xFFFF, 0xFFFF,
    0xFFFF, 0xFFFF, 0xFFFF, 0xFFFF, 0xFFFF, 0xFFFF, 0xFFFF, 0xFFFF, 0xFFFF, 0xFFFF, 0xFFFF, 0xFFFF,
    0xFFFF, 0xFFFF, 0xFFFF, 0xFFFF, 0xFFFF, 0xFFFF, 0xFFFF, 0xFFFF, 0xFFFF, 0xFFFF, 0xFFFF, 0xFFFF,
    0xFFFF, 0xFFFF, 0xFFFF, 0xFFFF, 0xFFFF, 0xFFFF, 0xFFFF, 0xFFFF, 0xFFFF, 0xFFFF, 0xFFFF, 0xFFFF,
    0xFFFF, 0xFFFF, 0xFFFF, 0xFFFF, 0xFFFF, 0xFFFF, 0xFFFF, 0xFFFF, 0xFFFF, 0xFFFF, 0xFFFF, 0xFFFF,
    0xFFFF, 0xFFFF, 0xFFFF, 0xFFFF, 0xFFFF, 0xFFFF, 0xFFFF, 0xFFFF, 0xFFFF, 0xFFFF, 0xFFFF, 0xFFFF,
    0xFFFF, 0xFFFF, 0xFFFF, 0xFFFF, 0xFFFF, 0xFFFF, 0xFFFF, 0xFFFF, 0xFFFF, 0xFFFF, 0xFFFF, 0xFFFF,
    0xFFFF, 0xFFFF, 0xFFFF, 0xFFFF, 0xFFFF, 0xFFFF, 0xFFFF, 0xFFFF, 0xFFFF, 0xFFFF, 0xFFFF, 0xFFFF,
    0xFFFF, 0xFFFF, 0xFFFF, 0xFFFF, 0xFFFF, 0xFFFF, 0xFFFF, 0xFFFF, 0xFFFF, 0xFFFF, 0xFFFF, 0xFFFF,
    0xFFFF, 0xFFFF, 0xFFFF, 0xFFFF, 0xFFFF, 0xFFFF, 0xFFFF, 0xFFFF, 0xFFFF, 0xFFFF, 0xFFFF, 0xFFFF,
    0xFFFF, 0xFFFF, 0xFFFF, 0xFFFF, 0xFFFF, 0xFFFF, 0xFFFF, 0xFFFF, 0xFFFF, 0xFFFF, 0xFFFF, 0xFFFF,
    0xFFFF, 0xFFFF, 0xFFFF, 0xFFFF, 0xFFFF, 0xFFFF, 0xFFFF, 0xFFFF, 0xFFFF, 0xFFFF, 0xFFFF, 0xFFFF,
    0xFFFF, 0xFFFF, 0xFFFF, 0xFFFF, 0xFFFF, 0xFFFF, 0xFFFF, 0xFFFF, 0xFFFF, 0xFFFF, 0xFFFF, 0xFFFF,
    0xFFFF, 0xFFFF, 0xFFFF, 0xFFFF, 0xFFFF, 0xFFFF, 0xFFFF, 0xFFFF, 0xFFFF, 0xFFFF, 0xFFFF, 0xFFFF,
    0xFFFF, 0xFFFF, 0xFFFF, 0xFFFF, 0xFFFF, 0xFFFF, 0xFFFF, 0xFFFF, 0xFFFF, 0xFFFF, 0xFFFF, 0xFFFF,
    0xFFFF, 0xFFFF, 0xFFFF, 0xFFFF, 0xFFFF, 0xFFFF, 0xFFFF, 0xFFFF, 0xFFFF, 0xFFFF, 0xFFFF, 0xFFFF,
    0xFFFF, 0xFFFF, 0xFFFF, 0xFFFF, 0xFFFF, 0xFFFF, 0xFFFF, 0xFFFF, 0xFFFF, 0xFFFF, 0xFFFF, 0xFFFF,
    0xFFFF, 0xFFFF, 0xFFFF, 0xFFFF, 0xFFFF, 0xFFFF, 0xFFFF, 0xFFFF, 0xFFFF, 0xFFFF, 0xFFFF, 0xFFFF,
    0xFFFF, 0xFFFF, 0xFFFF, 0xFFFF, 0xFFFF, 0xFFFF, 0xFFFF, 0xFFFF, 0xFFFF, 0xFFFF, 0xFFFF, 0xFFFF,
    0xFFFF, 0xFFFF, 0xFFFF, 0xFFFF, 0xFFFF, 0xFFFF, 0xFFFF, 0xFFFF, 0xFFFF, 0xFFFF, 0xFFFF, 0xFFFF,
    0xFFFF, 0xFFFF, 0xFFFF, 0xFFFF, 0xFFFF, 0xFFFF, 0xFFFF, 0xFFFF, 0xFFFF, 0xFFFF, 0xFFFF, 0xFFFF,
    0xFFFF, 0xFFFF, 0xFFFF, 0xFFFF, 0xFFFF, 0xFFFF, 0xFFFF, 0xFFFF, 0xFFFF, 0xFFFF, 0xFFFF, 0xFFFF,
    0xFFFF, 0xFFFF, 0xFFFF, 0xFFFF, 0xFFFF, 0xFFFF, 0xFFFF, 0xFFFF, 0xFFFF, 0xFFFF, 0xFFFF, 0xFFFF,
    0xFFFF, 0xFFFF, 0xFFFF, 0xFFFF, 0xFFFF, 0xFFFF, 0xFFFF, 0xFFFF, 0xFFFF, 0xFFFF, 0xFFFF, 0xFFFF,
    0xFFFF, 0xFFFF, 0xFFFF, 0xFFFF, 0xFFFF, 0xFFFF, 0xFFFF, 0xFFFF, 0xFFFF, 0xFFFF, 0xFFFF, 0xFFFF,
    0xFFFF, 0xFFFF, 0xFFFF, 0xFFFF, 0xFFFF, 0xFFFF, 0xFFFF, 0xFFFF, 0xFFFF, 0xFFFF, 0xFFFF, 0xFFFF,
    0xFFFF, 0xFFFF, 0xFFFF, 0xFFFF, 0xFFFF, 0xFFFF, 0xFFFF, 0xFFFF, 0xFFFF, 0xFFFF, 0xFFFF, 0xFFFF,
    0xFFFF, 0xFFFF, 0xFFFF, 0xFFFF, 0xFFFF, 0xFFFF, 0xFFFF, 0xFFFF, 0xFFFF, 0xFFFF, 0xFFFF, 0xFFFF,
    0xFFFF, 0xFFFF, 0xFFFF, 0xFFFF, 0xFFFF, 0xFFFF, 0xFFFF, 0xFFFF, 0xFFFF, 0xFFFF, 0xFFFF, 0xFFFF,
    0xFFFF, 0xFFFF, 0xFFFF, 0xFFFF, 0xFFFF, 0xFFFF, 0xFFFF, 0xFFFF, 0xFFFF, 0xFFFF, 0xFFFF, 0xFFFF,
    0xFFFF, 0xFFFF, 0xFFFF, 0xFFFF, 0xFFFF, 0xFFFF, 0xFFFF, 0xFFFF, 0xFFFF, 0xFFFF, 0xFFFF, 0xFFFF,
    0xFFFF, 0xFFFF, 0xFFFF, 0xFFFF, 0xFFFF, 0xFFFF, 0xFFFF, 0xFFFF, 0xFFFF, 0xFFFF, 0xFFFF, 0xFFFF,
    0xFFFF, 0xFFFF, 0xFFFF, 0xFFFF, 0xFFFF, 0xFFFF, 0xFFFF, 0xFFFF, 0xFFFF, 0xFFFF, 0xFFFF, 0xFFFF,
    0xFFFF, 0xFFFF, 0xFFFF, 0xFFFF, 0xFFFF, 0xFFFF, 0xFFFF, 0xFFFF, 0xFFFF, 0xFFFF, 0xFFFF, 0xFFFF,
    0xFFFF, 0xFFFF, 0xFFFF, 0xFFFF, 0xFFFF, 0xFFFF, 0xFFFF, 0xFFFF, 0xFFFF, 0xFFFF, 0xFFFF, 0xFFFF,
    0xFFFF, 0xFFFF, 0xFFFF, 0xFFFF, 0xFFFF, 0xFFFF, 0xFFFF, 0xFFFF, 0xFFFF, 0xFFFF, 0xFFFF, 0xFFFF,
    0xFFFF, 0xFFFF, 0xFFFF, 0xFFFF, 0xFFFF, 0xFFFF, 0xFFFF, 0xFFFF, 0xFFFF, 0xFFFF, 0xFFFF, 0xFFFF,
    0xFFFF, 0xFFFF, 0xFFFF, 0xFFFF, 0xFFFF, 0xFFFF, 0xFFFF, 0xFFFF, 0xFFFF, 0xFFFF, 0xFFFF, 0xFFFF,
    0xFFFF, 0xFFFF, 0xFFFF, 0xFFFF, 0xFFFF, 0xFFFF, 0xFFFF, 0xFFFF, 0xFFFF, 0xFFFF, 0xFFFF, 0xFFFF,
    0xFFFF, 0xFFFF, 0xFFFF, 0xFFFF, 0xFFFF, 0xFFFF, 0xFFFF, 0xFFFF, 0xFFFF, 0xFFFF, 0xFFFF, 0xFFFF,
    0xFFFF, 0xFFFF, 0xFFFF, 0xFFFF, 0xFFFF, 0xFFFF, 0xFFFF, 0xFFFF, 0xFFFF, 0xFFFF, 0xFFFF, 0xFFFF,
    0xFFFF, 0xFFFF, 0xFFFF, 0xFFFF, 0xFFFF, 0xFFFF, 0xFFFF, 0xFFFF, 0xFFFF, 0xFFFF, 0xFFFF, 0xFFFF,
    0xFFFF, 0xFFFF, 0xFFFF, 0xFFFF, 0xFFFF, 0xFFFF, 0xFFFF, 0xFFFF, 0xFFFF, 0xFFFF, 0xFFFF, 0xFFFF,
    0xFFFF, 0xFFFF, 0xFFFF, 0xFFFF, 0xFFFF, 0xFFFF, 0xFFFF, 0xFFFF, 0xFFFF, 0xFFFF, 0xFFFF, 0xFFFF,
    0xFFFF, 0xFFFF, 0xFFFF, 0xFFFF, 0xFFFF, 0xFFFF, 0xFFFF, 0xFFFF, 0xFFFF, 0xFFFF, 0xFFFF, 0xFFFF,
    0xFFFF, 0xFFFF, 0xFFFF, 0xFFFF, 0xFFFF, 0xFFFF, 0xFFFF, 0xFFFF, 0xFFFF, 0xFFFF, 0xFFFF, 0xFFFF,
    0xFFFF, 0xFFFF, 0xFFFF, 0xFFFF, 0xFFFF, 0xFFFF, 0xFFFF, 0xFFFF, 0xFFFF, 0xFFFF, 0xFFFF, 0xFFFF,
    0xFFFF, 0xFFFF, 0xFFFF, 0xFFFF, 0xFFFF, 0xFFFF, 0xFFFF, 0xFFFF, 0xFFFF, 0xFFFF, 0xFFFF, 0xFFFF,
    0xFFFF, 0xFFFF, 0xFFFF, 0xFFFF, 0xFFFF, 0xFFFF, 0xFFFF, 0xFFFF, 0xFFFF, 0xFFFF, 0xFFFF, 0xFFFF,
    0xFFFF, 0xFFFF, 0xFFFF, 0xFFFF, 0xFFFF, 0xFFFF, 0xFFFF, 0xFFFF, 0xFFFF, 0xFFFF, 0xFFFF, 0xFFFF,
    0xFFFF, 0xFFFF, 0xFFFF, 0xFFFF, 0xFFFF, 0xFFFF, 0xFFFF, 0xFFFF, 0xFFFF, 0xFFFF, 0xFFFF, 0xFFFF,
    0xFFFF, 0xFFFF, 0xFFFF, 0xFFFF, 0xFFFF, 0xFFFF, 0xFFFF, 0xFFFF, 0xFFFF, 0xFFFF, 0xFFFF, 0xFFFF,
    0xFFFF, 0xFFFF, 0xFFFF, 0xFFFF, 0xFFFF, 0xFFFF, 0xFFFF, 0xFFFF, 0xFFFF, 0xFFFF, 0xFFFF, 0xFFFF,
    0xFFFF, 0xFFFF, 0xFFFF, 0xFFFF, 0xFFFF, 0xFFFF, 0xFFFF, 0xFFFF, 0xFFFF, 0xFFFF, 0xFFFF, 0xFFFF,
    0xFFFF, 0xFFFF, 0xFFFF, 0xFFFF, 0xFFFF, 0xFFFF, 0xFFFF, 0xFFFF, 0xFFFF, 0xFFFF, 0xFFFF, 0xFFFF,
    0xFFFF, 0xFFFF, 0xFFFF, 0xFFFF, 0xFFFF, 0xFFFF, 0xFFFF, 0xFFFF, 0xFFFF, 0xFFFF, 0xFFFF, 0xFFFF,
    0xFFFF, 0xFFFF, 0xFFFF, 0xFFFF, 0xFFFF, 0xFFFF, 0xFFFF, 0xFFFF, 0xFFFF, 0xFFFF, 0xFFFF, 0xFFFF,
    0xFFFF, 0xFFFF, 0xFFFF, 0xFFFF, 0xFFFF, 0xFFFF, 0xFFFF, 0xFFFF, 0xFFFF, 0xFFFF, 0xFFFF, 0xFFFF,
    0xFFFF, 0xFFFF, 0xFFFF, 0xFFFF, 0xFFFF, 0xFFFF, 0xFFFF, 0xFFFF, 0xFFFF, 0xFFFF, 0xFFFF, 0xFFFF,
    0xFFFF, 0xFFFF, 0xFFFF, 0xFFFF, 0xFFFF, 0xFFFF, 0xFFFF, 0xFFFF, 0xFFFF, 0xFFFF, 0xFFFF, 0xFFFF,
    0xFFFF, 0xFFFF, 0xFFFF, 0xFFFF, 0xFFFF, 0xFFFF, 0xFFFF, 0xFFFF, 0xFFFF, 0xFFFF, 0xFFFF, 0xFFFF,
    0xFFFF, 0xFFFF, 0xFFFF, 0xFFFF, 0xFFFF, 0xFFFF, 0xFFFF, 0xFFFF, 0xFFFF, 0xFFFF, 0xFFFF, 0xFFFF,
    0xFFFF, 0xFFFF, 0xFFFF, 0xFFFF, 0xFFFF, 0xFFFF, 0xFFFF, 0xFFFF, 0xFFFF, 0xFFFF, 0xFFFF, 0xFFFF,
    0xFFFF, 0xFFFF, 0xFFFF, 0xFFFF, 0xFFFF, 0xFFFF, 0xFFFF, 0xFFFF, 0xFFFF, 0xFFFF, 0xFFFF, 0xFFFF,
    0xFFFF, 0xFFFF, 0xFFFF, 0xFFFF, 0xFFFF, 0xFFFF, 0xFFFF, 0xFFFF, 0xFFFF, 0xFFFF, 0xFFFF, 0xFFFF,
    0xFFFF, 0xFFFF, 0xFFFF, 0xFFFF, 0xFFFF, 0xFFFF, 0xFFFF, 0xFFFF, 0xFFFF, 0xFFFF, 0xFFFF, 0xFFFF,
    0xFFFF, 0xFFFF, 0xFFFF, 0xFFFF, 0xFFFF, 0xFFFF, 0xFFFF, 0xFFFF, 0xFFFF, 0xFFFF, 0xFFFF, 0xFFFF,
    0xFFFF, 0xFFFF, 0xFFFF, 0xFFFF, 0xFFFF, 0xFFFF, 0xFFFF, 0xFFFF, 0xFFFF, 0xFFFF, 0xFFFF, 0xFFFF,
    0xFFFF, 0xFFFF, 0xFFFF, 0xFFFF, 0xFFFF, 0xFFFF, 0xFFFF, 0xFFFF, 0xFFFF, 0xFFFF, 0xFFFF, 0xFFFF,
    0xFFFF, 0xFFFF, 0xFFFF, 0xFFFF, 0xFFFF, 0xFFFF, 0xFFFF, 0xFFFF, 0xFFFF, 0xFFFF, 0xFFFF, 0xFFFF,
    0xFFFF, 0xFFFF, 0xFFFF, 0xFFFF, 0xFFFF, 0xFFFF, 0xFFFF, 0xFFFF, 0xFFFF, 0xFFFF, 0xFFFF, 0xFFFF,
    0xFFFF, 0xFFFF, 0xFFFF, 0xFFFF, 0xFFFF, 0xFFFF, 0xFFFF, 0xFFFF, 0xFFFF, 0xFFFF, 0xFFFF, 0xFFFF,
    0xFFFF, 0xFFFF, 0xFFFF, 0xFFFF, 0xFFFF, 0xFFFF, 0xFFFF, 0xFFFF, 0xFFFF, 0xFFFF, 0xFFFF, 0xFFFF,
    0xFFFF, 0xFFFF, 0xFFFF, 0xFFFF, 0xFFFF, 0xFFFF, 0xFFFF, 0xFFFF, 0xFFFF, 0xFFFF, 0xFFFF, 0xFFFF,
    0xFFFF, 0xFFFF, 0xFFFF, 0xFFFF, 0xFFFF, 0xFFFF, 0xFFFF, 0xFFFF, 0xFFFF, 0xFFFF, 0xFFFF, 0xFFFF,
    0xFFFF, 0xFFFF, 0xFFFF, 0xFFFF, 0xFFFF, 0xFFFF, 0xFFFF, 0xFFFF, 0xFFFF, 0xFFFF, 0xFFFF, 0xFFFF,
    0xFFFF, 0xFFFF, 0xFFFF, 0xFFFF, 0xFFFF, 0xFFFF, 0xFFFF, 0xFFFF, 0xFFFF, 0xFFFF, 0xFFFF, 0xFFFF,
    0xFFFF, 0xFFFF, 0xFFFF, 0xFFFF, 0xFFFF, 0xFFFF, 0xFFFF, 0xFFFF, 0xFFFF, 0xFFFF, 0xFFFF, 0xFFFF,
    0xFFFF, 0xFFFF, 0xFFFF, 0xFFFF, 0xFFFF, 0xFFFF, 0xFFFF, 0xFFFF, 0xFFFF, 0xFFFF, 0xFFFF, 0xFFFF,
    0xFFFF, 0xFFFF, 0xFFFF, 0xFFFF, 0xFFFF, 0xFFFF, 0xFFFF, 0xFFFF, 0xFFFF, 0xFFFF, 0xFFFF, 0xFFFF,
    0xFFFF, 0xFFFF, 0xFFFF, 0xFFFF, 0xFFFF, 0xFFFF, 0xFFFF, 0xFFFF, 0xFFFF, 0xFFFF, 0xFFFF, 0xFFFF,
    0xFFFF, 0xFFFF, 0xFFFF, 0xFFFF, 0xFFFF, 0xFFFF, 0xFFFF, 0xFFFF, 0xFFFF, 0xFFFF, 0xFFFF, 0xFFFF,
    0xFFFF, 0xFFFF, 0xFFFF, 0xFFFF, 0xFFFF, 0xFFFF, 0xFFFF, 0xFFFF, 0xFFFF, 0xFFFF, 0xFFFF, 0xFFFF,
    0xFFFF, 0xFFFF, 0xFFFF, 0xFFFF, 0xFFFF, 0xFFFF, 0xFFFF, 0xFFFF, 0xFFFF, 0xFFFF, 0xFFFF, 0xFFFF,
    0xFFFF, 0xFFFF, 0xFFFF, 0xFFFF, 0xFFFF, 0xFFFF, 0xFFFF, 0xFFFF, 0xFFFF, 0xFFFF, 0xFFFF, 0xFFFF,
    0xFFFF, 0xFFFF, 0xFFFF, 0xFFFF, 0xFFFF, 0xFFFF, 0xFFFF, 0xFFFF, 0xFFFF, 0xFFFF, 0xFFFF, 0xFFFF,
    0xFFFF, 0xFFFF, 0xFFFF, 0xFFFF, 0xFFFF, 0xFFFF, 0xFFFF, 0xFFFF, 0xFFFF, 0xFFFF, 0xFFFF, 0xFFFF,
    0xFFFF, 0xFFFF, 0xFFFF, 0xFFFF, 0xFFFF, 0xFFFF, 0xFFFF, 0xFFFF, 0xFFFF, 0xFFFF, 0xFFFF, 0xFFFF,
    0xFFFF, 0xFFFF, 0xFFFF, 0xFFFF, 0xFFFF, 0xFFFF, 0xFFFF, 0xFFFF, 0xFFFF, 0xFFFF, 0xFFFF, 0xFFFF,
    0xFFFF, 0xFFFF, 0xFFFF, 0xFFFF, 0xFFFF, 0xFFFF, 0xFFFF, 0xFFFF, 0xFFFF, 0xFFFF, 0xFFFF, 0xFFFF,
    0xFFFF, 0xFFFF, 0xFFFF, 0xFFFF, 0xFFFF, 0xFFFF, 0xFFFF, 0xFFFF, 0xFFFF, 0xFFFF, 0xFFFF, 0xFFFF,
    0xFFFF, 0xFFFF, 0xFFFF, 0xFFFF, 0xFFFF, 0xFFFF, 0xFFFF, 0xFFFF, 0xFFFF, 0xFFFF, 0xFFFF, 0xFFFF,
    0xFFFF, 0xFFFF, 0xFFFF, 0xFFFF, 0xFFFF, 0xFFFF, 0xFFFF, 0xFFFF, 0xFFFF, 0xFFFF, 0xFFFF, 0xFFFF,
    0xFFFF, 0xFFFF, 0xFFFF, 0xFFFF, 0xFFFF, 0xFFFF, 0xFFFF, 0xFFFF, 0xFFFF, 0xFFFF, 0xFFFF, 0xFFFF,
    0xFFFF, 0xFFFF, 0xFFFF, 0xFFFF, 0xFFFF, 0xFFFF, 0xFFFF, 0xFFFF, 0xFFFF, 0xFFFF, 0xFFFF, 0xFFFF,
    0xFFFF, 0xFFFF, 0xFFFF, 0xFFFF, 0xFFFF, 0xFFFF, 0xFFFF, 0xFFFF, 0xFFFF, 0xFFFF, 0xFFFF, 0xFFFF,
    0xFFFF, 0xFFFF, 0xFFFF, 0xFFFF, 0xFFFF, 0xFFFF, 0xFFFF, 0xFFFF, 0xFFFF, 0xFFFF, 0xFFFF, 0xFFFF,
    0xFFFF, 0xFFFF, 0xFFFF, 0xFFFF,
};
